date,compound
2017-08-18,0.11260229885057466
2017-08-19,0.11244880952380953
2017-08-20,0.1106925925925926
2017-08-21,0.07693076923076923
2017-08-22,-0.19859655172413795
2017-08-23,0.0185375
2017-08-24,0.05777260273972604
2017-08-25,0.11027590361445787
2017-08-26,0.06928795180722891
2017-08-27,0.0580179775280899
2017-08-28,0.09002222222222224
2017-08-29,0.0630719512195122
2017-08-30,0.04222650602409639
2017-08-31,0.06022948717948717
2017-09-01,0.10428426966292134
2017-09-02,0.09377590361445784
2017-09-03,0.13192285714285715
2017-09-04,0.18399516129032265
2017-09-05,0.023144444444444454
2017-09-06,0.057334939759036155
2017-09-07,0.10773600000000001
2017-09-08,0.13036081081081083
2017-09-09,0.06996973684210525
2017-09-10,0.06341249999999998
2017-09-11,0.12165454545454547
2017-09-12,0.12608625
2017-09-13,0.0027873417721519024
2017-09-14,0.050034848484848495
2017-09-15,0.020851282051282054
2017-09-16,0.0173765625
2017-09-17,0.10430232558139538
2017-09-18,0.073146835443038
2017-09-19,0.042214606741573034
2017-09-20,0.05904999999999999
2017-09-21,0.11868390804597699
2017-09-22,0.03169302325581396
2017-09-23,0.06152045454545454
2017-09-24,0.021963013698630154
2017-09-25,0.183644
2017-09-26,0.11113333333333336
2017-09-27,0.05342372881355933
2017-09-28,0.05435696202531646
2017-09-29,0.05846301369863014
2017-09-30,0.012322222222222207
2017-10-01,0.11323333333333335
2017-10-02,0.09839807692307694
2017-10-03,0.03119285714285716
2017-10-04,0.08225802469135801
2017-10-05,0.054466249999999994
2017-10-06,0.25061176470588237
2017-10-07,0.08759367088607596
2017-10-08,0.09894878048780487
2017-10-09,0.07791499999999998
2017-10-10,0.09351898734177218
2017-10-11,0.06628333333333333
2017-10-12,0.10046296296296298
2017-10-13,0.08578235294117649
2017-10-14,0.14843835616438353
2017-10-15,0.03989558823529411
2017-10-16,0.07222266666666668
2017-10-17,0.1063506849315069
2017-10-18,0.14551076923076917
2017-10-19,0.07884307692307692
2017-10-20,0.12597882352941178
2017-10-21,0.10427738095238095
2017-10-22,0.11975000000000004
2017-10-23,0.10904428571428572
2017-10-24,0.07443513513513512
2017-10-25,0.11155857142857145
2017-10-26,0.125275
2017-10-27,0.1592776119402985
2017-10-28,0.10520178571428573
2017-10-29,0.1445142857142857
2017-10-30,0.14920000000000003
2017-10-31,0.15383783783783783
2017-11-01,0.07907972972972974
2017-11-02,0.16833692307692305
2017-11-03,0.36079729729729726
2017-11-04,0.24761363636363623
2017-11-05,0.08192321428571428
2017-11-06,0.11621617647058824
2017-11-07,0.1243081081081081
2017-11-08,0.06745000000000001
2017-11-09,0.14105205479452057
2017-11-10,0.09339480519480521
2017-11-11,0.09085272727272727
2017-11-12,0.03803636363636364
2017-11-13,0.0606183098591549
2017-11-14,0.08655555555555557
2017-11-15,0.227448
2017-11-16,0.12086981132075472
2017-11-17,0.5130199999999997
2017-11-18,0.10769531250000001
2017-11-19,0.08364181818181819
2017-11-20,0.15776938775510208
2017-11-21,0.08350615384615387
2017-11-22,0.034072916666666675
2017-11-23,0.14205522388059702
2017-11-24,0.035681818181818196
2017-11-25,0.17735285714285715
2017-11-26,0.047967272727272726
2017-11-27,0.11770273972602742
2017-11-28,0.1957782608695652
2017-11-29,0.11269054054054056
2017-11-30,0.06271232876712327
2017-12-01,0.14504444444444445
2017-12-02,0.15017894736842108
2017-12-03,0.22740655737704915
2017-12-04,0.09298727272727274
2017-12-05,0.07098750000000002
2017-12-06,0.15142714285714287
2017-12-07,0.10127820512820514
2017-12-08,0.07155384615384616
2017-12-09,0.17530422535211268
2017-12-10,0.1353662162162162
2017-12-11,0.17945185185185183
2017-12-12,0.18470374999999994
2017-12-13,0.10929493670886073
2017-12-14,0.059424000000000005
2017-12-15,0.07580133333333335
2017-12-16,0.049855072463768114
2017-12-17,0.17855692307692306
2017-12-18,0.09704583333333335
2017-12-19,0.12912839506172835
2017-12-20,0.06774027777777779
2017-12-21,0.09850724637681157
2017-12-22,0.16434545454545454
2017-12-23,0.11217260273972604
2017-12-24,0.11398815789473686
2017-12-25,0.13460303030303025
2017-12-26,0.12992191780821916
2017-12-27,0.21684545454545456
2017-12-28,0.09131323529411767
2017-12-29,0.0663723076923077
2017-12-30,0.07581772151898734
2017-12-31,0.1546769230769231
2018-01-01,0.15378048780487807
2018-01-02,0.1015935897435897
2018-01-03,0.17721891891891892
2018-01-04,0.2134125
2018-01-05,0.12820975609756097
2018-01-06,0.12975581395348837
2018-01-07,0.11171518987341769
2018-01-08,0.19788421052631575
2018-01-09,0.19666964285714283
2018-01-10,0.09567901234567903
2018-01-11,0.16837187499999995
2018-01-12,0.16123802816901409
2018-01-13,0.08445918367346936
2018-01-14,0.09701566265060242
2018-01-15,0.2127014705882353
2018-01-16,0.19108392857142853
2018-01-17,0.15148965517241375
2018-01-18,0.09756136363636365
2018-01-19,0.18082619047619047
2018-01-20,0.15048289473684212
2018-01-21,0.1602402597402597
2018-01-22,0.27333561643835613
2018-01-23,0.14807297297297298
2018-01-24,0.16162272727272728
2018-01-25,0.18702250000000004
2018-01-26,0.06915428571428572
2018-01-27,0.2097471264367816
2018-01-28,0.09464931506849315
2018-01-29,0.2579527777777778
2018-01-30,0.17916712328767123
2018-01-31,0.11647058823529412
2018-02-01,0.21661842105263154
2018-02-02,0.1556626506024096
2018-02-03,0.14637934782608691
2018-02-04,0.13527586206896552
2018-02-05,0.16570153846153843
2018-02-06,0.06866029411764706
2018-02-07,0.2460941176470588
2018-02-08,0.11366166666666669
2018-02-09,0.22514189189189182
2018-02-10,0.16943999999999992
2018-02-11,0.24802656250000002
2018-02-12,0.2685295774647888
2018-02-13,0.2488342857142857
2018-02-14,0.18505441176470588
2018-02-15,0.22619772727272724
2018-02-16,0.16924810126582282
2018-02-17,0.23285600000000004
2018-02-18,0.1556671428571429
2018-02-19,0.207482191780822
2018-02-20,0.17096530612244898
2018-02-21,0.1786320754716981
2018-02-22,0.1387758064516129
2018-02-23,0.09485500000000004
2018-02-24,0.15098636363636367
2018-02-25,0.16262884615384618
2018-02-26,0.2370259259259259
2018-02-27,0.2273305555555556
2018-02-28,0.22829722222222223
2018-03-01,0.22978965517241381
2018-03-02,0.26046874999999997
2018-03-03,0.14521000000000003
2018-03-04,0.16664999999999996
2018-03-05,0.18373400000000004
2018-03-06,0.0639736842105263
2018-03-07,0.03430394736842107
2018-03-08,0.1211876923076923
2018-03-09,0.16388181818181816
2018-03-10,0.09094000000000001
2018-03-11,0.2552621212121212
2018-03-12,0.16911290322580647
2018-03-13,0.2588045454545455
2018-03-14,0.16481012658227848
2018-03-15,0.1846657894736841
2018-03-16,0.13578529411764706
2018-03-17,0.09259014084507042
2018-03-18,0.14555441176470588
2018-03-19,0.13510714285714284
2018-03-20,0.22867254901960782
2018-03-21,0.15587571428571428
2018-03-22,0.2257310344827586
2018-03-23,0.20733698630136985
2018-03-24,0.18128644067796612
2018-03-25,0.18172424242424243
2018-03-26,0.1948629032258065
2018-03-27,0.135640350877193
2018-03-28,0.15830886075949366
2018-03-29,0.1700268656716418
2018-03-30,0.1679030303030303
2018-03-31,0.20238787878787884
2018-04-01,0.143221052631579
2018-04-02,0.1299514705882353
2018-04-03,-0.03007857142857143
2018-04-04,0.12178307692307692
2018-04-05,0.17366727272727273
2018-04-06,0.12408196721311474
2018-04-07,0.16948571428571427
2018-04-08,0.13317999999999997
2018-04-09,0.2418711538461539
2018-04-10,0.2069758620689655
2018-04-11,0.2246326086956522
2018-04-12,0.1479025641025641
2018-04-13,0.15594307692307688
2018-04-14,0.17406833333333332
2018-04-15,0.12789482758620688
2018-04-16,0.1532484375
2018-04-17,0.15044461538461543
2018-04-18,0.13185797101449273
2018-04-19,0.1348776119402985
2018-04-20,0.1254619718309859
2018-04-21,0.19757260273972602
2018-04-22,0.20562241379310342
2018-04-23,0.21570750000000002
2018-04-24,0.1916920634920635
2018-04-25,0.22743538461538462
2018-04-26,0.1646263157894737
2018-04-27,0.23192666666666664
2018-04-28,0.11838867924528304
2018-04-29,0.17344833333333332
2018-04-30,0.12313076923076921
2018-05-01,0.13938405797101447
2018-05-02,0.19563750000000005
2018-05-03,0.13477820512820513
2018-05-04,0.12176944444444444
2018-05-05,0.14218571428571428
2018-05-06,0.09145797101449277
2018-05-07,0.14318192771084334
2018-05-08,0.21290508474576272
2018-05-09,0.18528888888888892
2018-05-10,0.2218674418604651
2018-05-11,0.08533088235294117
2018-05-12,0.22617230769230764
2018-05-13,-0.027615686274509804
2018-05-14,0.19520149253731342
2018-05-15,0.11891525423728813
2018-05-16,0.06082833333333333
2018-05-17,0.2199944444444444
2018-05-18,0.22237692307692308
2018-05-19,0.19584181818181817
2018-05-20,0.17486825396825398
2018-05-21,0.13787288135593223
2018-05-22,0.10586153846153847
2018-05-23,0.1785671052631579
2018-05-24,0.19674155844155844
2018-05-25,0.20099253731343272
2018-05-26,0.20311568627450977
2018-05-27,0.09147999999999999
2018-05-28,0.09294590163934426
2018-05-29,0.133119696969697
2018-05-30,0.2220589743589744
2018-05-31,0.1951153846153846
2018-06-01,0.13471969696969702
2018-06-02,0.20994285714285718
2018-06-03,0.10369200000000003
2018-06-04,0.20448214285714283
2018-06-05,0.2550295081967214
2018-06-06,0.12057333333333334
2018-06-07,0.1525461538461539
2018-06-08,0.22172407407407413
2018-06-09,0.19078840579710143
2018-06-10,0.2455523076923077
2018-06-11,0.17674137931034478
2018-06-12,0.21149687500000003
2018-06-13,0.17589295774647884
2018-06-14,0.11923768115942031
2018-06-15,0.12789054054054055
2018-06-16,0.13137439024390243
2018-06-17,0.13117435897435897
2018-06-18,0.23868333333333336
2018-06-19,0.11291458333333333
2018-06-20,0.08221746031746034
2018-06-21,0.19011379310344828
2018-06-22,0.16765833333333333
2018-06-23,0.09316885245901639
2018-06-24,0.05631724137931035
2018-06-25,0.18595573770491805
2018-06-26,0.11583666666666667
2018-06-27,0.24810769230769228
2018-06-28,0.17026818181818182
2018-06-29,0.16774000000000003
2018-06-30,0.12368823529411765
2018-07-01,0.22881296296296297
2018-07-02,0.1839301587301587
2018-07-03,0.2188285714285714
2018-07-04,0.11351636363636364
2018-07-05,0.20169636363636362
2018-07-06,0.1587921568627451
2018-07-07,0.12518596491228073
2018-07-08,0.17138214285714284
2018-07-09,0.10357777777777781
2018-07-10,0.15894428571428568
2018-07-11,0.022926666666666665
2018-07-12,0.21058636363636354
2018-07-13,0.10538448275862071
2018-07-14,0.14745757575757576
2018-07-15,0.12778653846153848
2018-07-16,0.0400661971830986
2018-07-17,0.11342539682539682
2018-07-18,0.13064090909090909
2018-07-19,0.07408412698412699
2018-07-20,0.1880746268656716
2018-07-21,0.13599272727272727
2018-07-22,0.2931528301886792
2018-07-23,0.1703862745098039
2018-07-24,0.16931333333333332
2018-07-25,0.18557021276595748
2018-07-26,0.20915272727272727
2018-07-27,0.13722884615384617
2018-07-28,0.08321250000000001
2018-07-29,0.1969791666666667
2018-07-30,0.1812793103448276
2018-07-31,0.21535238095238088
2018-08-01,0.11245384615384617
2018-08-02,0.16249677419354838
2018-08-03,0.11410294117647057
2018-08-04,0.1627890909090909
2018-08-05,0.18492063492063487
2018-08-06,0.18754374999999998
2018-08-07,0.17425230769230768
2018-08-08,0.12881066666666666
2018-08-09,0.15631126760563377
2018-08-10,0.1973774193548387
2018-08-11,0.16976666666666668
2018-08-12,0.11409722222222222
2018-08-13,0.201790243902439
2018-08-14,0.060906557377049184
2018-08-15,0.16512142857142859
2018-08-16,0.15037671232876712
2018-08-17,0.12586956521739126
2018-08-18,0.08483043478260871
2018-08-19,0.043889855072463776
2018-08-20,0.11799629629629627
2018-08-21,0.19351323529411757
2018-08-22,0.11241929824561404
2018-08-23,0.0571
2018-08-24,0.12430000000000002
2018-08-25,0.212775
2018-08-26,0.09264637681159422
2018-08-27,0.1870835820895522
2018-08-28,0.18168524590163934
2018-08-29,0.12053392857142856
2018-08-30,0.17613
2018-08-31,0.0755480769230769
2018-09-01,0.13813050847457625
2018-09-02,0.09139285714285715
2018-09-03,0.08945555555555558
2018-09-04,0.19534464285714284
2018-09-05,0.0726409836065574
2018-09-06,0.059622727272727286
2018-09-07,0.06658805970149254
2018-09-08,0.17865490196078432
2018-09-09,0.11020833333333334
2018-09-10,0.14451492537313437
2018-09-11,0.16354411764705887
2018-09-12,0.21597500000000006
2018-09-13,0.1076470588235294
2018-09-14,0.08846470588235296
2018-09-15,0.2155377049180328
2018-09-16,0.20509272727272726
2018-09-17,0.17676041666666664
2018-09-18,0.08744647887323942
2018-09-19,0.01560714285714285
2018-09-20,0.169972
2018-09-21,0.22041346153846147
2018-09-22,0.11230175438596492
2018-09-23,0.21855492957746475
2018-09-24,0.11091403508771933
2018-09-25,0.1804057971014493
2018-09-26,0.18979666666666664
2018-09-27,0.15948153846153848
2018-09-28,0.14433437500000001
2018-09-29,0.15044038461538467
2018-09-30,0.12784545454545454
2018-10-01,0.23352608695652166
2018-10-02,0.15584242424242425
2018-10-03,0.10828095238095241
2018-10-04,0.19946333333333335
2018-10-05,0.13207076923076927
2018-10-06,0.093065625
2018-10-07,0.14986896551724135
2018-10-08,0.17836712328767126
2018-10-09,0.1373918032786885
2018-10-10,0.12405438596491228
2018-10-11,0.02644
2018-10-12,0.10748095238095237
2018-10-13,0.12046718750000003
2018-10-14,0.11393970588235294
2018-10-15,-0.018773913043478262
2018-10-16,0.17890921052631575
2018-10-17,0.09146891891891892
2018-10-18,0.14614920634920636
2018-10-19,0.13073432835820895
2018-10-20,0.17141666666666663
2018-10-21,0.12900862068965518
2018-10-22,0.17644528301886794
2018-10-23,0.11887600000000001
2018-10-24,0.1565565789473684
2018-10-25,0.19682698412698418
2018-10-26,0.16740961538461543
2018-10-27,0.10363620689655173
2018-10-28,0.0920274193548387
2018-10-29,0.18387674418604655
2018-10-30,0.10394603174603177
2018-10-31,0.1691716417910448
2018-11-01,0.10655636363636363
2018-11-02,0.16972903225806454
2018-11-03,0.20786666666666656
2018-11-04,0.23879264705882353
2018-11-05,0.195439393939394
2018-11-06,0.06377941176470589
2018-11-07,0.1425272727272727
2018-11-08,0.16094285714285714
2018-11-09,0.08179130434782608
2018-11-10,0.13238030303030301
2018-11-11,0.10165344827586208
2018-11-12,0.09203750000000002
2018-11-13,0.163521875
2018-11-14,0.12897301587301585
2018-11-15,0.0793753246753247
2018-11-16,0.17098833333333335
2018-11-17,0.07924848484848485
2018-11-18,0.11140317460317459
2018-11-19,0.24009999999999998
2018-11-20,0.06286718750000002
2018-11-21,0.10675166666666668
2018-11-22,0.12976567164179106
2018-11-23,0.12344729729729731
2018-11-24,0.1850333333333333
2018-11-25,0.08710833333333332
2018-11-26,0.1668618181818182
2018-11-27,0.040349206349206336
2018-11-28,0.19530147058823524
2018-11-29,0.13308382352941178
2018-11-30,0.11324415584415586
2018-12-01,0.20827999999999997
2018-12-02,0.11782191780821921
2018-12-03,0.17480933333333332
2018-12-04,0.043351351351351354
2018-12-05,0.1334594936708861
2018-12-06,0.09488769230769233
2018-12-07,-0.024783928571428582
2018-12-08,0.142384126984127
2018-12-09,0.1371209677419355
2018-12-10,0.24806119402985075
2018-12-11,0.09232597402597405
2018-12-12,0.08747272727272729
2018-12-13,0.07430181818181818
2018-12-14,0.15782068965517243
2018-12-15,0.07246825396825397
2018-12-16,0.13566521739130435
2018-12-17,0.10410571428571429
2018-12-18,0.17688421052631578
2018-12-19,0.10629220779220781
2018-12-20,0.12241025641025641
2018-12-21,0.17286428571428572
2018-12-22,0.07639818181818181
2018-12-23,0.12353066666666664
2018-12-24,0.051640845070422534
2018-12-25,0.307478125
2018-12-26,0.11947636363636364
2018-12-27,0.13216615384615388
2018-12-28,0.10291730769230771
2018-12-29,0.14461379310344827
2018-12-30,0.16432400000000005
2018-12-31,0.24471372549019607
2019-01-01,0.24891052631578947
2019-01-02,0.31486792452830176
2019-01-03,0.1757820895522388
2019-01-04,0.12208484848484849
2019-01-05,0.19112051282051282
2019-01-06,0.11866969696969697
2019-01-07,0.21127936507936504
2019-01-08,-0.00839193548387097
2019-01-09,-0.15152638888888892
2019-01-10,0.024555072463768104
2019-01-11,0.14412837837837839
2019-01-12,0.15469864864864863
2019-01-13,0.07057241379310346
2019-01-14,0.10326885245901642
2019-01-15,0.05793207547169811
2019-01-16,0.010628571428571432
2019-01-17,0.19924473684210528
2019-01-18,0.20034500000000005
2019-01-19,0.08953066666666668
2019-01-20,0.11094929577464788
2019-01-21,0.2227693548387097
2019-01-22,0.1288306451612903
2019-01-23,0.2098753424657534
2019-01-24,0.10439482758620691
2019-01-25,0.10856704545454544
2019-01-26,0.05210133333333333
2019-01-27,0.0846294117647059
2019-01-28,0.10321343283582089
2019-01-29,0.17919480519480524
2019-01-30,0.14325689655172413
2019-01-31,0.12763835616438354
2019-02-01,0.1458609375
2019-02-02,0.10637101449275362
2019-02-03,0.05170833333333333
2019-02-04,0.0876677966101695
2019-02-05,0.09053376623376626
2019-02-06,0.09755000000000001
2019-02-07,0.08515454545454548
2019-02-08,0.1881947368421053
2019-02-09,0.20020606060606055
2019-02-10,0.09140847457627121
2019-02-11,0.20402264150943394
2019-02-12,0.13503384615384614
2019-02-13,0.17120769230769228
2019-02-14,0.10663555555555554
2019-02-15,0.1092846153846154
2019-02-16,0.03935652173913042
2019-02-17,0.055168888888888865
2019-02-18,0.21306785714285711
2019-02-19,0.028949999999999997
2019-02-20,0.06114126984126984
2019-02-21,0.20775370370370366
2019-02-22,0.0730566037735849
2019-02-23,0.1666983870967742
2019-02-24,0.2321727272727273
2019-02-25,0.15404193548387093
2019-02-26,0.16911940298507463
2019-02-27,0.17447857142857143
2019-02-28,0.083010843373494
2019-03-01,0.05850243902439024
2019-03-02,0.12845454545454546
2019-03-03,0.12188039215686278
2019-03-04,0.185695
2019-03-05,0.09629358974358976
2019-03-06,0.11547878787878789
2019-03-07,0.06288219178082192
2019-03-08,0.1984493827160493
2019-03-09,0.10270816326530614
2019-03-10,0.10634328358208954
2019-03-11,0.16669027777777778
2019-03-12,0.03820882352941175
2019-03-13,0.0286835294117647
2019-03-14,0.10094269662921349
2019-03-15,0.1172975609756098
2019-03-16,0.20437
2019-03-17,0.1118168831168831
2019-03-18,0.060150000000000016
2019-03-19,0.1429125
2019-03-20,0.14203555555555555
2019-03-21,0.18014736842105258
2019-03-22,0.16477924528301888
2019-03-23,0.1702876923076923
2019-03-24,0.20917346938775513
2019-03-25,0.08371411764705884
2019-03-26,0.24355616438356167
2019-03-27,0.1742333333333333
2019-03-28,0.18002463768115942
2019-03-29,0.1669924050632912
2019-03-30,0.12415833333333333
2019-03-31,0.14510499999999998
2019-04-01,0.17797638888888892
2019-04-02,0.08820121951219513
2019-04-03,0.17892191780821912
2019-04-04,0.1492881578947368
2019-04-05,0.14122413793103447
2019-04-06,0.20090487804878043
2019-04-07,0.1270014705882353
2019-04-08,0.12413285714285716
2019-04-09,0.10199615384615385
2019-04-10,0.13165384615384618
2019-04-11,0.14789605263157898
2019-04-12,0.16970779220779222
2019-04-13,0.1162068493150685
2019-04-14,0.11913846153846158
2019-04-15,0.1882701492537313
2019-04-16,0.1359028169014084
2019-04-17,0.14172941176470588
2019-04-18,0.09990645161290322
2019-04-19,0.12813333333333335
2019-04-20,0.1786953125
2019-04-21,0.19836326530612247
2019-04-22,0.02993285714285715
2019-04-23,0.16007746478873236
2019-04-24,0.049757575757575764
2019-04-25,0.12339871794871793
2019-04-26,0.050913265306122446
2019-04-27,0.18062903225806454
2019-04-28,0.13068055555555558
2019-04-29,0.14505555555555555
2019-04-30,0.10380985915492955
2019-05-01,0.15176034482758619
2019-05-02,0.10726000000000001
2019-05-03,0.1428232142857143
2019-05-04,-0.0012760563380281723
2019-05-05,0.18449014084507037
2019-05-06,0.13200338983050847
2019-05-07,0.09214385964912279
2019-05-08,0.11838356164383564
2019-05-09,0.12150833333333327
2019-05-10,0.11576666666666666
2019-05-11,0.10318400000000001
2019-05-12,0.11581219512195123
2019-05-13,0.11583484848484848
2019-05-14,0.16865882352941175
2019-05-15,0.07900746268656719
2019-05-16,0.09747894736842105
2019-05-17,0.05471864406779662
2019-05-18,0.09340547945205481
2019-05-19,0.11372028985507249
2019-05-20,0.07550704225352113
2019-05-21,0.09695074626865674
2019-05-22,0.07480350877192983
2019-05-23,0.0641376811594203
2019-05-24,0.22282692307692306
2019-05-25,0.1418462962962963
2019-05-26,0.18942708333333333
2019-05-27,0.09961754385964915
2019-05-28,0.136265306122449
2019-05-29,0.12918513513513513
2019-05-30,0.1700542372881356
2019-05-31,0.11824590163934427
2019-06-01,0.16063142857142856
2019-06-02,0.17599841269841268
2019-06-03,0.07300000000000001
2019-06-04,0.10073456790123456
2019-06-05,0.1145388888888889
2019-06-06,0.09478333333333334
2019-06-07,0.119268
2019-06-08,0.1576125
2019-06-09,0.19614594594594592
2019-06-10,0.21480547945205478
2019-06-11,0.23856091954022993
2019-06-12,0.20745974025974032
2019-06-13,0.23950566037735854
2019-06-14,0.2967831460674156
2019-06-15,0.20897627118644072
2019-06-16,0.24581066666666668
2019-06-17,0.2944820895522388
2019-06-18,0.16300597014925375
2019-06-19,0.1694054794520548
2019-06-20,0.19607428571428573
2019-06-21,0.11201379310344828
2019-06-22,0.21284177215189876
2019-06-23,0.20130599999999998
2019-06-24,0.16499841269841264
2019-06-25,0.08388624999999997
2019-06-26,0.10851764705882357
2019-06-27,0.12496619718309857
2019-06-28,0.18873818181818183
2019-06-29,0.16493809523809522
2019-06-30,0.16693999999999995
2019-07-01,0.10868412698412698
2019-07-02,0.154053448275862
2019-07-03,0.19848857142857146
2019-07-04,0.15753194444444443
2019-07-05,0.1958128571428571
2019-07-06,0.07760571428571428
2019-07-07,0.07554246575342466
2019-07-08,0.16289830508474573
2019-07-09,0.2154666666666666
2019-07-10,0.19578571428571426
2019-07-11,0.055810769230769226
2019-07-12,0.18724848484848483
2019-07-13,0.13423513513513513
2019-07-14,0.1025828125
2019-07-15,0.28389999999999993
2019-07-16,0.1636391304347826
2019-07-17,0.1812868852459016
2019-07-18,0.12259999999999997
2019-07-19,0.12760555555555558
2019-07-20,0.12783636363636364
2019-07-21,0.10475072463768118
2019-07-22,0.08981375
2019-07-23,0.17746527777777776
2019-07-24,0.08216153846153847
2019-07-25,0.13824415584415584
2019-07-26,0.15638985507246378
2019-07-27,0.010010389610389617
2019-07-28,0.09495308641975309
2019-07-29,0.11672142857142857
2019-07-30,0.14352236842105262
2019-07-31,0.2543720930232557
2019-08-01,0.1917065789473684
2019-08-02,0.08394605263157892
2019-08-03,0.14946233766233763
2019-08-04,0.10663823529411766
2019-08-05,0.09650357142857144
2019-08-06,0.17526075949367087
2019-08-07,0.1311025
2019-08-08,0.15822058823529414
2019-08-09,0.08097857142857144
2019-08-10,0.12547222222222223
2019-08-11,0.17824794520547946
2019-08-12,0.1365576923076923
2019-08-13,0.12355066666666671
2019-08-14,0.1870902777777778
2019-08-15,0.17115394736842104
2019-08-16,0.034825675675675676
2019-08-17,0.18150561797752804
2019-08-18,0.10810434782608698
2019-08-19,0.17128103448275864
2019-08-20,0.067136
2019-08-21,0.16239878048780487
2019-08-22,0.10469866666666666
2019-08-23,0.17944683544303797
2019-08-24,0.13932133333333335
2019-08-25,0.14083272727272728
2019-08-26,0.07915479452054794
2019-08-27,0.08797500000000001
2019-08-28,0.09530958904109589
2019-08-29,0.20441249999999997
2019-08-30,0.16748552631578947
2019-08-31,0.11463235294117648
2019-09-01,0.11599733333333333
2019-09-02,0.1323142857142857
2019-09-03,0.08990136986301368
2019-09-04,0.0849
2019-09-05,0.13133614457831322
2019-09-06,0.13163037974683547
2019-09-07,0.08519344262295084
2019-09-08,0.179173417721519
2019-09-09,0.17814999999999998
2019-09-10,0.18014814814814817
2019-09-11,0.11528452380952382
2019-09-12,0.16147530864197532
2019-09-13,0.15578554216867474
2019-09-14,0.08826233766233767
2019-09-15,0.06593142857142857
2019-09-16,0.11981954022988506
2019-09-17,0.1866397590361446
2019-09-18,0.10436483516483516
2019-09-19,0.054908139534883715
2019-09-20,0.14489047619047618
2019-09-21,0.09425696202531647
2019-09-22,0.15833506493506497
2019-09-23,0.035129545454545455
2019-09-24,0.08101744186046513
2019-09-25,0.04764935064935065
2019-09-26,0.12342972972972974
2019-09-27,0.08845606060606062
2019-09-28,0.05750857142857143
2019-09-29,0.07236666666666665
2019-09-30,0.1560986666666667
2019-10-01,0.13941379310344826
2019-10-02,0.1306963414634146
2019-10-03,0.19947625
2019-10-04,0.053890666666666656
2019-10-05,0.07287638888888888
2019-10-06,0.07909425287356323
2019-10-07,0.11993384615384618
2019-10-08,0.27037313432835824
2019-10-09,0.11730595238095239
2019-10-10,0.09039036144578314
2019-10-11,0.09725507246376812
2019-10-12,0.07774794520547944
2019-10-13,0.13902452830188683
2019-10-14,0.06444473684210526
2019-10-15,0.20200000000000004
2019-10-16,0.13123658536585367
2019-10-17,0.08188356164383562
2019-10-18,0.14013111111111107
2019-10-19,0.05886567164179104
2019-10-20,0.08024166666666667
2019-10-21,0.14433417721518985
2019-10-22,0.10971805555555557
2019-10-23,0.12948352941176472
2019-10-24,0.15610365853658537
2019-10-25,0.11649230769230769
2019-10-26,0.15541645569620255
2019-10-27,0.08502916666666668
2019-10-28,0.1382793103448276
2019-10-29,0.1520619565217391
2019-10-30,0.11076388888888891
2019-10-31,0.11446266666666666
2019-11-01,0.1108318181818182
2019-11-02,0.15047386363636364
2019-11-03,0.16126279069767444
2019-11-04,0.14751666666666666
2019-11-05,0.08075679012345681
2019-11-06,0.1221864197530864
2019-11-07,0.13839545454545454
2019-11-08,0.1737880434782609
2019-11-09,0.13134642857142853
2019-11-10,0.1325951807228916
2019-11-11,0.1613674418604651
2019-11-12,0.1146523076923077
2019-11-13,0.15668461538461542
2019-11-14,0.10084945054945053
2019-11-15,0.08108554216867467
2019-11-16,0.0891511627906977
2019-11-17,0.11445384615384614
2019-11-18,0.06834166666666668
2019-11-19,0.10013222222222225
2019-11-20,0.21757701149425293
2019-11-21,0.17110250000000005
2019-11-22,0.07672957746478876
2019-11-23,0.1596262295081967
2019-11-24,0.11289285714285717
2019-11-25,0.084375
2019-11-26,0.08533655913978494
2019-11-27,0.15994943820224716
2019-11-28,0.10771954022988503
2019-11-29,0.13645374999999998
2019-11-30,0.042936956521739136
2019-12-01,0.11939397590361449
2019-12-02,0.15032500000000004
2019-12-03,0.06639560439560442
2019-12-04,0.08804634146341463
2019-12-05,0.12005348837209302
2019-12-06,0.2079285714285715
2019-12-07,0.10795875000000003
2019-12-08,0.015515853658536588
2019-12-09,0.029292473118279573
2019-12-10,0.13931704545454546
2019-12-11,0.06594318181818182
2019-12-12,0.06928470588235294
2019-12-13,0.11512771084337349
2019-12-14,0.07286506024096386
2019-12-15,0.07276493506493507
2019-12-16,0.14381842105263162
2019-12-17,0.0797641304347826
2019-12-18,0.11958160919540235
2019-12-19,0.08842000000000003
2019-12-20,0.12568275862068964
2019-12-21,0.06444146341463416
2019-12-22,0.09858999999999998
2019-12-23,0.19200689655172412
2019-12-24,0.12401123595505617
2019-12-25,0.06235789473684211
2019-12-26,0.046820987654320995
2019-12-27,0.10409021739130435
2019-12-28,0.04186666666666666
2019-12-29,0.05760344827586208
2019-12-30,0.1845463414634147
2019-12-31,0.1291593406593406
2020-01-01,-0.024922619047619055
2020-01-02,0.14843720930232557
2020-01-03,0.0738625
2020-01-04,0.11194285714285716
2020-01-05,-0.053692045454545465
2020-01-06,0.013132941176470592
2020-01-07,0.0845606741573034
2020-01-08,0.08797222222222224
2020-01-09,0.07800632911392405
2020-01-10,0.06437356321839081
2020-01-11,0.1981645833333333
2020-01-12,0.07374375000000002
2020-01-13,0.17194285714285712
2020-01-14,0.13856086956521735
2020-01-15,0.058586585365853656
2020-01-16,0.17454886363636365
2020-01-17,0.08012820512820513
2020-01-18,0.12131204819277105
2020-01-19,0.11495813953488371
2020-01-20,0.17822168674698796
2020-01-21,0.1310939393939394
2020-01-22,0.20655874999999999
2020-01-23,0.23651830985915498
2020-01-24,0.15443068181818187
2020-01-25,0.17210114942528737
2020-01-26,0.1363960396039604
2020-01-27,0.1443135135135135
2020-01-28,0.15764756097560975
2020-01-29,0.11802298850574712
2020-01-30,0.13174024390243902
2020-01-31,0.19647349397590363
2020-02-01,0.13937159090909093
2020-02-02,0.10353625000000002
2020-02-03,0.19475465116279073
2020-02-04,0.025018604651162773
2020-02-05,0.22899780219780222
2020-02-06,0.11894722222222222
2020-02-07,0.2219407894736842
2020-02-08,0.13363552631578948
2020-02-09,0.12302345679012346
2020-02-10,0.11849506172839509
2020-02-11,0.12860561797752812
2020-02-12,0.04120989010989012
2020-02-13,0.1781651162790698
2020-02-14,0.010251250000000003
2020-02-15,0.13471529411764702
2020-02-16,0.11450219780219781
2020-02-17,0.07080113636363636
2020-02-18,0.1182364705882353
2020-02-19,0.10578375
2020-02-20,0.14435399999999995
2020-02-21,0.09147875000000001
2020-02-22,0.07462197802197802
2020-02-23,0.14045057471264363
2020-02-24,0.10094606741573031
2020-02-25,0.13400459770114942
2020-02-26,0.11598888888888889
2020-02-27,0.15850337078651688
2020-02-28,0.051449999999999996
2020-02-29,0.13594090909090906
2020-03-01,0.1240727272727273
2020-03-02,0.16035492957746475
2020-03-03,0.08356179775280898
2020-03-04,0.06288072289156625
2020-03-05,0.0867426966292135
2020-03-06,0.1259283950617284
2020-03-07,0.10326352941176473
2020-03-08,0.14040259740259745
2020-03-09,0.07366162790697675
2020-03-10,0.09788690476190476
2020-03-11,0.07609726027397258
2020-03-12,0.039596385542168676
2020-03-13,0.07713908045977011
2020-03-14,-0.03267471264367816
2020-03-15,0.04514245283018868
2020-03-16,0.06481774193548386
2020-03-17,0.04464851485148515
2020-03-18,0.10017333333333335
2020-03-19,0.04366024096385542
2020-03-20,0.0902021505376344
2020-03-21,0.13866847826086956
2020-03-22,0.037135616438356174
2020-03-23,0.07757882352941177
2020-03-24,0.12322325581395348
2020-03-25,0.11698000000000001
2020-03-26,0.07862295081967213
2020-03-27,0.053621249999999995
2020-03-28,0.11580136986301372
2020-03-29,0.10701935483870965
2020-03-30,0.15221162790697673
2020-03-31,0.12330526315789478
2020-04-01,0.09347846153846152
2020-04-02,0.04617974683544304
2020-04-03,0.10674516129032258
2020-04-04,0.11717000000000002
2020-04-05,0.15963770491803278
2020-04-06,0.11231341463414636
2020-04-07,0.13520625000000003
2020-04-08,0.10852205882352943
2020-04-09,0.1236955223880597
2020-04-10,0.1762888888888889
2020-04-11,0.16996626506024098
2020-04-12,0.08791774193548385
2020-04-13,0.1293360655737705
2020-04-14,0.16349452054794522
2020-04-15,0.12917
2020-04-16,0.16550857142857142
2020-04-17,0.13120689655172416
2020-04-18,0.07057560975609757
2020-04-19,0.05421666666666668
2020-04-20,0.10900000000000001
2020-04-21,0.10861315789473684
2020-04-22,0.07626981132075472
2020-04-23,0.14946385542168678
2020-04-24,0.1406567567567568
2020-04-25,0.11534189189189191
2020-04-26,0.006939062500000008
2020-04-27,0.1260701149425287
2020-04-28,0.1067688311688312
2020-04-29,0.07078271604938274
2020-04-30,0.09497926829268294
2020-05-01,0.19219718309859152
2020-05-02,0.10612962962962964
2020-05-03,0.28278095238095236
2020-05-04,0.17029438202247196
2020-05-05,0.11201492537313434
2020-05-06,0.14193012048192774
2020-05-07,0.12780634920634923
2020-05-08,0.3171416666666667
2020-05-09,0.19186666666666669
2020-05-10,0.11269882352941178
2020-05-11,0.16706444444444443
2020-05-12,0.1564370786516854
2020-05-13,0.17906470588235296
2020-05-14,0.00787142857142857
2020-05-15,0.09773571428571433
2020-05-16,0.11345492957746482
2020-05-17,0.16538181818181816
2020-05-18,0.2167478723404256
2020-05-19,0.104525
2020-05-20,0.2007392156862746
2020-05-21,0.1508027027027027
2020-05-22,0.11081408450704225
2020-05-23,0.17860256410256417
2020-05-24,0.16127297297297297
2020-05-25,0.2258555555555555
2020-05-26,0.13403731343283581
2020-05-27,0.17735903614457832
2020-05-28,0.11491428571428569
2020-05-29,0.09824418604651163
2020-05-30,0.10027464788732396
2020-05-31,0.15157428571428572
2020-06-01,0.12149041095890412
2020-06-02,0.1323814814814815
2020-06-03,0.18921232876712327
2020-06-04,0.20138536585365854
2020-06-05,0.2011617977528091
2020-06-06,0.221478125
2020-06-07,0.33508604651162804
2020-06-08,0.16707837837837838
2020-06-09,0.0853679245283019
2020-06-10,0.1217730769230769
2020-06-11,0.1334802816901408
2020-06-12,0.1615525
2020-06-13,0.19235875000000005
2020-06-14,0.0914438596491228
2020-06-15,0.16772098765432095
2020-06-16,0.15983
2020-06-17,0.159646
2020-06-18,0.2122924528301887
2020-06-19,0.17936521739130434
2020-06-20,0.13425393258426963
2020-06-21,0.1428217948717949
2020-06-22,0.09103050847457628
2020-06-23,0.15709555555555554
2020-06-24,0.18822023809523813
2020-06-25,0.12143777777777773
2020-06-26,0.14866911764705878
2020-06-27,0.0533797752808989
2020-06-28,0.10132134831460674
2020-06-29,0.16134487179487178
2020-06-30,0.18136351351351354
2020-07-01,0.0692720430107527
2020-07-02,0.14821888888888893
2020-07-03,0.0891872093023256
2020-07-04,0.18696043956043962
2020-07-05,0.19794878048780487
2020-07-06,0.15014909090909087
2020-07-07,0.22925568181818184
2020-07-08,0.15287307692307692
2020-07-09,0.1492013698630137
2020-07-10,0.20743522727272723
2020-07-11,0.1327264705882353
2020-07-12,0.19239615384615397
2020-07-13,0.2027709677419355
2020-07-14,0.17505000000000007
2020-07-15,0.24638000000000007
2020-07-16,0.2107093023255814
2020-07-17,0.17158192771084338
2020-07-18,0.2453
2020-07-19,0.2240506329113924
2020-07-20,0.19532727272727274
2020-07-21,0.15545921052631584
2020-07-22,0.1476710843373494
2020-07-23,0.20501046511627904
2020-07-24,0.132475
2020-07-25,0.0957180722891566
2020-07-26,0.1424876404494382
2020-07-27,0.21914833333333333
2020-07-28,0.2116149425287356
2020-07-29,0.07909518072289157
2020-07-30,0.2132493975903615
2020-07-31,0.15110750000000003
2020-08-01,0.1940013698630137
2020-08-02,0.1603741935483871
2020-08-03,0.13842537313432832
2020-08-04,0.20041086956521742
2020-08-05,0.1640930555555555
2020-08-06,0.180219587628866
2020-08-07,0.17495862068965518
2020-08-08,0.17902068965517245
2020-08-09,0.13549677419354833
2020-08-10,0.19620106382978728
2020-08-11,0.12748494623655912
2020-08-12,0.0834591549295775
2020-08-13,0.15472065217391306
2020-08-14,0.13943297872340432
2020-08-15,0.2976071428571429
2020-08-16,0.09018472222222221
2020-08-17,0.24306666666666676
2020-08-18,0.16157263157894738
2020-08-19,0.17020000000000005
2020-08-20,0.16735
2020-08-21,0.17678823529411763
2020-08-22,0.09161136363636363
2020-08-23,0.15751410256410261
2020-08-24,0.1383529411764706
2020-08-25,0.12332073170731712
2020-08-26,0.1391058823529412
2020-08-27,0.15633
2020-08-28,0.050232394366197176
2020-08-29,0.20026923076923075
2020-08-30,0.10140853658536583
2020-08-31,0.18043456790123458
2020-09-01,0.1355
2020-09-02,0.16246321839080458
2020-09-03,0.1993369565217391
2020-09-04,0.09900333333333336
2020-09-05,0.234567415730337
2020-09-06,0.2420392857142857
2020-09-07,0.11061590909090907
2020-09-08,0.2073056179775281
2020-09-09,0.21544756097560974
2020-09-10,0.18069080459770112
2020-09-11,0.1914670886075949
2020-09-12,0.24144022988505742
2020-09-13,0.29590000000000005
2020-09-14,0.25057638888888883
2020-09-15,0.16762023809523813
2020-09-16,0.15662317073170734
2020-09-17,0.12416315789473682
2020-09-18,0.2428253731343283
2020-09-19,0.13307333333333335
2020-09-20,0.1862453488372093
2020-09-21,0.26675138888888894
2020-09-22,0.14911898734177212
2020-09-23,0.17390285714285708
2020-09-24,0.18941617647058828
2020-09-25,0.1841290322580645
2020-09-26,0.09400144927536233
2020-09-27,0.149405
2020-09-28,0.12977176470588236
2020-09-29,0.16938441558441558
2020-09-30,0.16747878787878787
2020-10-01,0.16938850574712647
2020-10-02,0.12234909090909088
2020-10-03,0.15885061728395058
2020-10-04,0.21087307692307689
2020-10-05,0.13151600000000005
2020-10-06,0.07728705882352942
2020-10-07,0.15919529411764707
2020-10-08,0.10566979166666667
2020-10-09,0.18325638297872343
2020-10-10,0.11775308641975311
2020-10-11,0.09815393258426967
2020-10-12,0.28901724137931034
2020-10-13,0.11050454545454551
2020-10-14,0.14367547169811323
2020-10-15,0.20025714285714286
2020-10-16,0.17786666666666667
2020-10-17,0.27014047619047615
2020-10-18,0.05839523809523808
2020-10-19,0.2933588235294118
2020-10-20,0.09460333333333333
2020-10-21,0.043758510638297866
2020-10-22,0.19404157303370792
2020-10-23,0.10682933333333333
2020-10-24,0.06885675675675676
2020-10-25,0.21682500000000005
2020-10-26,0.19924918032786887
2020-10-27,0.17886119402985076
2020-10-28,0.13927692307692313
2020-10-29,0.17124074074074075
2020-10-30,0.1643041666666666
2020-10-31,0.11639560439560438
2020-11-01,0.13458701298701298
2020-11-02,0.14932117647058818
2020-11-03,0.23997741935483874
2020-11-04,0.1216732558139535
2020-11-05,0.14410000000000003
2020-11-06,0.03903720930232557
2020-11-07,0.16804494382022475
2020-11-08,0.1675642857142857
2020-11-09,0.13054204545454542
2020-11-10,0.14761720430107528
2020-11-11,0.11637500000000002
2020-11-12,0.034778125
2020-11-13,0.09734999999999999
2020-11-14,0.17750941176470583
2020-11-15,0.21690169491525424
2020-11-16,0.12182328767123288
2020-11-17,0.13154025974025974
2020-11-18,0.17988644067796608
2020-11-19,0.17179247311827955
2020-11-20,0.16257977528089887
2020-11-21,0.19838043478260867
2020-11-22,0.17544074074074076
2020-11-23,0.07801157894736843
2020-11-24,0.19403333333333328
2020-11-25,0.30943802816901406
2020-11-26,0.15081489361702133
2020-11-27,0.1602641304347826
2020-11-28,0.11515432098765432
2020-11-29,0.12942954545454546
2020-11-30,0.15784166666666669
2020-12-01,0.16722446808510644
2020-12-02,0.1956577777777778
2020-12-03,0.17742747252747254
2020-12-04,0.12348636363636362
2020-12-05,0.14747765957446807
2020-12-06,0.17756075949367087
2020-12-07,0.21975483870967755
2020-12-08,0.16357826086956526
2020-12-09,0.13753411764705886
2020-12-10,0.15994022988505752
2020-12-11,0.1324450704225352
2020-12-12,0.21839240506329105
2020-12-13,0.15691264367816093
2020-12-14,0.13757802197802196
2020-12-15,0.19986091954022991
2020-12-16,0.20043444444444442
2020-12-17,0.2290702127659574
2020-12-18,0.1735179775280899
2020-12-19,0.22653125
2020-12-20,0.1756697916666667
2020-12-21,0.13477448979591836
2020-12-22,0.16715274725274726
2020-12-23,0.11753068181818181
2020-12-24,0.048998924731182815
2020-12-25,0.0893186813186813
2020-12-26,0.14926790123456793
2020-12-27,0.15639186046511627
2020-12-28,0.1018975
2020-12-29,0.084916
2020-12-30,0.1612965909090909
2020-12-31,0.22005000000000002
2021-01-01,0.21076323529411756
2021-01-02,0.1255460674157303
2021-01-03,0.1521917525773196
2021-01-04,0.14716904761904762
2021-01-05,0.16395833333333334
2021-01-06,0.15387191011235957
2021-01-07,0.10978181818181819
2021-01-08,0.09034941176470587
2021-01-09,0.17098526315789475
2021-01-10,0.0656813186813187
2021-01-11,0.1497806451612903
2021-01-12,0.13599058823529414
2021-01-13,0.07873958333333334
2021-01-14,0.17352795698924733
2021-01-15,0.19946760563380284
2021-01-16,0.18355287356321837
2021-01-17,0.1722989361702127
2021-01-18,0.15935416666666669
2021-01-19,0.11336172839506173
2021-01-20,0.11124347826086955
2021-01-21,0.1528865168539326
2021-01-22,0.2008
2021-01-23,0.1777808510638298
2021-01-24,0.26120786516853933
2021-01-25,0.08361075268817207
2021-01-26,0.11598977272727268
2021-01-27,0.2543689655172415
2021-01-28,0.06390425531914894
2021-01-29,0.11626458333333334
2021-01-30,0.20314742268041242
2021-01-31,0.17475
2021-02-01,0.15779278350515466
2021-02-02,0.07831855670103093
2021-02-03,0.10869027777777779
2021-02-04,0.08548901098901099
2021-02-05,0.1579408163265306
2021-02-06,0.12278191489361705
2021-02-07,0.22044634146341457
2021-02-08,0.1516202247191011
2021-02-09,0.11317882352941178
2021-02-10,0.11415227272727274
2021-02-11,0.11257974683544304
2021-02-12,0.054232926829268314
2021-02-13,0.11527530864197531
2021-02-14,0.183706976744186
2021-02-15,0.21813088235294117
2021-02-16,0.11349142857142859
2021-02-17,0.12329859154929579
2021-02-18,0.07387407407407408
2021-02-19,0.20826813186813187
2021-02-20,0.17824395604395601
2021-02-21,0.10423529411764708
2021-02-22,0.1538123595505618
2021-02-23,0.1643313253012048
2021-02-24,0.08841267605633803
2021-02-25,0.10481428571428575
2021-02-26,0.21114024390243905
2021-02-27,0.11257804878048781
2021-02-28,0.13481129032258063
2021-03-01,0.16702117647058826
2021-03-02,0.0684253164556962
2021-03-03,0.2371631578947368
2021-03-04,0.19043636363636363
2021-03-05,0.16382808988764044
2021-03-06,0.12909367088607596
2021-03-07,0.13875978260869568
2021-03-08,0.1284178571428571
2021-03-09,0.11969638554216866
2021-03-10,0.12909767441860465
2021-03-11,0.23093376623376624
2021-03-12,0.18940821917808226
2021-03-13,0.22031111111111112
2021-03-14,0.17798607594936708
2021-03-15,0.15251463414634145
2021-03-16,0.09712340425531915
2021-03-17,0.13518313253012046
2021-03-18,0.13491625
2021-03-19,0.11526494845360824
2021-03-20,0.044092500000000014
2021-03-21,0.1131537634408602
2021-03-22,0.13936046511627911
2021-03-23,0.10646976744186046
2021-03-24,0.12414736842105262
2021-03-25,0.13419529411764708
2021-03-26,0.2110704918032787
2021-03-27,0.1731848484848485
2021-03-28,0.22029493670886083
2021-03-29,0.1368307692307692
2021-03-30,0.09274946236559144
2021-03-31,0.04294090909090909
2021-04-01,0.17595
2021-04-02,0.1902818181818182
2021-04-03,0.11137976190476188
2021-04-04,0.13207727272727274
2021-04-05,0.10771410256410256
2021-04-06,0.2120718309859155
2021-04-07,0.12999139784946237
2021-04-08,0.1895928571428572
2021-04-09,0.18877070707070706
2021-04-10,0.24792105263157888
2021-04-11,0.10639425287356322
2021-04-12,0.11020109890109887
2021-04-13,0.12205977011494254
2021-04-14,0.1099779411764706
2021-04-15,0.1815364583333334
2021-04-16,0.149318947368421
2021-04-17,0.15818488372093018
2021-04-18,0.18527157894736837
2021-04-19,0.20261764705882349
2021-04-20,0.18378840579710143
2021-04-21,0.16897692307692308
2021-04-22,0.15882688172043014
2021-04-23,0.16839473684210526
2021-04-24,0.10117654320987654
2021-04-25,0.162125
2021-04-26,0.1435175824175824
2021-04-27,0.14385316455696204
2021-04-28,0.15554479166666668
2021-04-29,0.21337108433734944
2021-04-30,0.19366521739130435
2021-05-01,0.20095106382978722
2021-05-02,0.1431863636363636
2021-05-03,0.1992569892473118
2021-05-04,0.132310989010989
2021-05-05,0.19665645161290318
2021-05-06,0.15406593406593408
2021-05-07,0.19955116279069773
2021-05-08,0.17000537634408597
2021-05-09,0.11074301075268816
2021-05-10,0.11667590361445782
2021-05-11,0.09667978723404258
