,Date,trends
4,2017-08-17,14.428571428571429
5,2017-08-18,14.285714285714286
6,2017-08-19,14.142857142857142
7,2017-08-20,14.0
8,2017-08-21,14.285714285714286
9,2017-08-22,14.571428571428571
10,2017-08-23,14.857142857142858
11,2017-08-24,15.142857142857142
12,2017-08-25,15.428571428571429
13,2017-08-26,15.714285714285714
14,2017-08-27,16.0
15,2017-08-28,15.857142857142858
16,2017-08-29,15.714285714285714
17,2017-08-30,15.571428571428571
18,2017-08-31,15.428571428571429
19,2017-09-01,15.285714285714286
20,2017-09-02,15.142857142857142
21,2017-09-03,15.0
22,2017-09-04,14.714285714285714
23,2017-09-05,14.428571428571429
24,2017-09-06,14.142857142857142
25,2017-09-07,13.857142857142858
26,2017-09-08,13.571428571428571
27,2017-09-09,13.285714285714286
28,2017-09-10,13.0
29,2017-09-11,12.714285714285714
30,2017-09-12,12.428571428571429
31,2017-09-13,12.142857142857142
32,2017-09-14,11.857142857142858
33,2017-09-15,11.571428571428571
34,2017-09-16,11.285714285714286
35,2017-09-17,11.0
36,2017-09-18,10.714285714285714
37,2017-09-19,10.428571428571429
38,2017-09-20,10.142857142857142
39,2017-09-21,9.857142857142858
40,2017-09-22,9.571428571428571
41,2017-09-23,9.285714285714286
42,2017-09-24,9.0
43,2017-09-25,9.0
44,2017-09-26,9.0
45,2017-09-27,9.0
46,2017-09-28,9.0
47,2017-09-29,9.0
48,2017-09-30,9.0
49,2017-10-01,9.0
50,2017-10-02,9.428571428571429
51,2017-10-03,9.857142857142858
52,2017-10-04,10.285714285714285
53,2017-10-05,10.714285714285714
54,2017-10-06,11.142857142857142
55,2017-10-07,11.571428571428571
56,2017-10-08,12.0
57,2017-10-09,12.285714285714286
58,2017-10-10,12.571428571428571
59,2017-10-11,12.857142857142858
60,2017-10-12,13.142857142857142
61,2017-10-13,13.428571428571429
62,2017-10-14,13.714285714285714
63,2017-10-15,14.0
64,2017-10-16,13.571428571428571
65,2017-10-17,13.142857142857142
66,2017-10-18,12.714285714285715
67,2017-10-19,12.285714285714286
68,2017-10-20,11.857142857142858
69,2017-10-21,11.428571428571429
70,2017-10-22,11.0
71,2017-10-23,11.428571428571429
72,2017-10-24,11.857142857142858
73,2017-10-25,12.285714285714285
74,2017-10-26,12.714285714285714
75,2017-10-27,13.142857142857142
76,2017-10-28,13.571428571428571
77,2017-10-29,14.0
78,2017-10-30,14.142857142857142
79,2017-10-31,14.285714285714286
80,2017-11-01,14.428571428571429
81,2017-11-02,14.571428571428571
82,2017-11-03,14.714285714285714
83,2017-11-04,14.857142857142858
84,2017-11-05,15.0
85,2017-11-06,14.857142857142858
86,2017-11-07,14.714285714285714
87,2017-11-08,14.571428571428571
88,2017-11-09,14.428571428571429
89,2017-11-10,14.285714285714286
90,2017-11-11,14.142857142857142
91,2017-11-12,14.0
92,2017-11-13,15.0
93,2017-11-14,16.0
94,2017-11-15,17.0
95,2017-11-16,18.0
96,2017-11-17,19.0
97,2017-11-18,20.0
98,2017-11-19,21.0
99,2017-11-20,22.428571428571427
100,2017-11-21,23.857142857142858
101,2017-11-22,25.285714285714285
102,2017-11-23,26.714285714285715
103,2017-11-24,28.142857142857142
104,2017-11-25,29.57142857142857
105,2017-11-26,31.0
106,2017-11-27,31.857142857142858
107,2017-11-28,32.714285714285715
108,2017-11-29,33.57142857142857
109,2017-11-30,34.42857142857143
110,2017-12-01,35.285714285714285
111,2017-12-02,36.14285714285714
112,2017-12-03,37.0
113,2017-12-04,38.57142857142857
114,2017-12-05,40.142857142857146
115,2017-12-06,41.714285714285715
116,2017-12-07,43.285714285714285
117,2017-12-08,44.857142857142854
118,2017-12-09,46.42857142857143
119,2017-12-10,48.0
120,2017-12-11,47.42857142857143
121,2017-12-12,46.857142857142854
122,2017-12-13,46.285714285714285
123,2017-12-14,45.714285714285715
124,2017-12-15,45.142857142857146
125,2017-12-16,44.57142857142857
126,2017-12-17,44.0
127,2017-12-18,41.857142857142854
128,2017-12-19,39.714285714285715
129,2017-12-20,37.57142857142857
130,2017-12-21,35.42857142857143
131,2017-12-22,33.285714285714285
132,2017-12-23,31.142857142857142
133,2017-12-24,29.0
134,2017-12-25,30.428571428571427
135,2017-12-26,31.857142857142858
136,2017-12-27,33.285714285714285
137,2017-12-28,34.714285714285715
138,2017-12-29,36.142857142857146
139,2017-12-30,37.57142857142857
140,2017-12-31,39.0
141,2018-01-01,40.42857142857143
142,2018-01-02,41.857142857142854
143,2018-01-03,43.285714285714285
144,2018-01-04,44.714285714285715
145,2018-01-05,46.142857142857146
146,2018-01-06,47.57142857142857
147,2018-01-07,49.0
148,2018-01-08,47.714285714285715
149,2018-01-09,46.42857142857143
150,2018-01-10,45.14285714285714
151,2018-01-11,43.857142857142854
152,2018-01-12,42.57142857142857
153,2018-01-13,41.285714285714285
154,2018-01-14,40.0
155,2018-01-15,37.857142857142854
156,2018-01-16,35.714285714285715
157,2018-01-17,33.57142857142857
158,2018-01-18,31.42857142857143
159,2018-01-19,29.285714285714285
160,2018-01-20,27.142857142857142
161,2018-01-21,25.0
162,2018-01-22,25.0
163,2018-01-23,25.0
164,2018-01-24,25.0
165,2018-01-25,25.0
166,2018-01-26,25.0
167,2018-01-27,25.0
168,2018-01-28,25.0
169,2018-01-29,24.714285714285715
170,2018-01-30,24.428571428571427
171,2018-01-31,24.142857142857142
172,2018-02-01,23.857142857142858
173,2018-02-02,23.571428571428573
174,2018-02-03,23.285714285714285
175,2018-02-04,23.0
176,2018-02-05,22.0
177,2018-02-06,21.0
178,2018-02-07,20.0
179,2018-02-08,19.0
180,2018-02-09,18.0
181,2018-02-10,17.0
182,2018-02-11,16.0
183,2018-02-12,15.857142857142858
184,2018-02-13,15.714285714285714
185,2018-02-14,15.571428571428571
186,2018-02-15,15.428571428571429
187,2018-02-16,15.285714285714286
188,2018-02-17,15.142857142857142
189,2018-02-18,15.0
190,2018-02-19,14.571428571428571
191,2018-02-20,14.142857142857142
192,2018-02-21,13.714285714285715
193,2018-02-22,13.285714285714286
194,2018-02-23,12.857142857142858
195,2018-02-24,12.428571428571429
196,2018-02-25,12.0
197,2018-02-26,12.0
198,2018-02-27,12.0
199,2018-02-28,12.0
200,2018-03-01,12.0
201,2018-03-02,12.0
202,2018-03-03,12.0
203,2018-03-04,12.0
204,2018-03-05,12.0
205,2018-03-06,12.0
206,2018-03-07,12.0
207,2018-03-08,12.0
208,2018-03-09,12.0
209,2018-03-10,12.0
210,2018-03-11,12.0
211,2018-03-12,12.0
212,2018-03-13,12.0
213,2018-03-14,12.0
214,2018-03-15,12.0
215,2018-03-16,12.0
216,2018-03-17,12.0
217,2018-03-18,12.0
218,2018-03-19,12.0
219,2018-03-20,12.0
220,2018-03-21,12.0
221,2018-03-22,12.0
222,2018-03-23,12.0
223,2018-03-24,12.0
224,2018-03-25,12.0
225,2018-03-26,11.714285714285714
226,2018-03-27,11.428571428571429
227,2018-03-28,11.142857142857142
228,2018-03-29,10.857142857142858
229,2018-03-30,10.571428571428571
230,2018-03-31,10.285714285714286
231,2018-04-01,10.0
232,2018-04-02,9.857142857142858
233,2018-04-03,9.714285714285714
234,2018-04-04,9.571428571428571
235,2018-04-05,9.428571428571429
236,2018-04-06,9.285714285714286
237,2018-04-07,9.142857142857142
238,2018-04-08,9.0
239,2018-04-09,9.0
240,2018-04-10,9.0
241,2018-04-11,9.0
242,2018-04-12,9.0
243,2018-04-13,9.0
244,2018-04-14,9.0
245,2018-04-15,9.0
246,2018-04-16,9.285714285714286
247,2018-04-17,9.571428571428571
248,2018-04-18,9.857142857142858
249,2018-04-19,10.142857142857142
250,2018-04-20,10.428571428571429
251,2018-04-21,10.714285714285714
252,2018-04-22,11.0
253,2018-04-23,11.0
254,2018-04-24,11.0
255,2018-04-25,11.0
256,2018-04-26,11.0
257,2018-04-27,11.0
258,2018-04-28,11.0
259,2018-04-29,11.0
260,2018-04-30,11.0
261,2018-05-01,11.0
262,2018-05-02,11.0
263,2018-05-03,11.0
264,2018-05-04,11.0
265,2018-05-05,11.0
266,2018-05-06,11.0
267,2018-05-07,10.571428571428571
268,2018-05-08,10.142857142857142
269,2018-05-09,9.714285714285715
270,2018-05-10,9.285714285714286
271,2018-05-11,8.857142857142858
272,2018-05-12,8.428571428571429
273,2018-05-13,8.0
274,2018-05-14,8.142857142857142
275,2018-05-15,8.285714285714286
276,2018-05-16,8.428571428571429
277,2018-05-17,8.571428571428571
278,2018-05-18,8.714285714285714
279,2018-05-19,8.857142857142858
280,2018-05-20,9.0
281,2018-05-21,8.857142857142858
282,2018-05-22,8.714285714285714
283,2018-05-23,8.571428571428571
284,2018-05-24,8.428571428571429
285,2018-05-25,8.285714285714286
286,2018-05-26,8.142857142857142
287,2018-05-27,8.0
288,2018-05-28,7.857142857142857
289,2018-05-29,7.714285714285714
290,2018-05-30,7.571428571428571
291,2018-05-31,7.428571428571429
292,2018-06-01,7.285714285714286
293,2018-06-02,7.142857142857143
294,2018-06-03,7.0
295,2018-06-04,7.142857142857143
296,2018-06-05,7.285714285714286
297,2018-06-06,7.428571428571429
298,2018-06-07,7.571428571428571
299,2018-06-08,7.714285714285714
300,2018-06-09,7.857142857142857
301,2018-06-10,8.0
302,2018-06-11,7.714285714285714
303,2018-06-12,7.428571428571429
304,2018-06-13,7.142857142857143
305,2018-06-14,6.857142857142858
306,2018-06-15,6.571428571428571
307,2018-06-16,6.285714285714286
308,2018-06-17,6.0
309,2018-06-18,6.0
310,2018-06-19,6.0
311,2018-06-20,6.0
312,2018-06-21,6.0
313,2018-06-22,6.0
314,2018-06-23,6.0
315,2018-06-24,6.0
316,2018-06-25,6.0
317,2018-06-26,6.0
318,2018-06-27,6.0
319,2018-06-28,6.0
320,2018-06-29,6.0
321,2018-06-30,6.0
322,2018-07-01,6.0
323,2018-07-02,6.0
324,2018-07-03,6.0
325,2018-07-04,6.0
326,2018-07-05,6.0
327,2018-07-06,6.0
328,2018-07-07,6.0
329,2018-07-08,6.0
330,2018-07-09,6.0
331,2018-07-10,6.0
332,2018-07-11,6.0
333,2018-07-12,6.0
334,2018-07-13,6.0
335,2018-07-14,6.0
336,2018-07-15,6.0
337,2018-07-16,6.0
338,2018-07-17,6.0
339,2018-07-18,6.0
340,2018-07-19,6.0
341,2018-07-20,6.0
342,2018-07-21,6.0
343,2018-07-22,6.0
344,2018-07-23,6.0
345,2018-07-24,6.0
346,2018-07-25,6.0
347,2018-07-26,6.0
348,2018-07-27,6.0
349,2018-07-28,6.0
350,2018-07-29,6.0
351,2018-07-30,6.142857142857143
352,2018-07-31,6.285714285714286
353,2018-08-01,6.428571428571429
354,2018-08-02,6.571428571428571
355,2018-08-03,6.714285714285714
356,2018-08-04,6.857142857142857
357,2018-08-05,7.0
358,2018-08-06,7.142857142857143
359,2018-08-07,7.285714285714286
360,2018-08-08,7.428571428571429
361,2018-08-09,7.571428571428571
362,2018-08-10,7.714285714285714
363,2018-08-11,7.857142857142857
364,2018-08-12,8.0
365,2018-08-13,7.714285714285714
366,2018-08-14,7.428571428571429
367,2018-08-15,7.142857142857143
368,2018-08-16,6.857142857142858
369,2018-08-17,6.571428571428571
370,2018-08-18,6.285714285714286
371,2018-08-19,6.0
372,2018-08-20,6.0
373,2018-08-21,6.0
374,2018-08-22,6.0
375,2018-08-23,6.0
376,2018-08-24,6.0
377,2018-08-25,6.0
378,2018-08-26,6.0
379,2018-08-27,6.142857142857143
380,2018-08-28,6.285714285714286
381,2018-08-29,6.428571428571429
382,2018-08-30,6.571428571428571
383,2018-08-31,6.714285714285714
384,2018-09-01,6.857142857142857
385,2018-09-02,7.0
386,2018-09-03,7.142857142857143
387,2018-09-04,7.285714285714286
388,2018-09-05,7.428571428571429
389,2018-09-06,7.571428571428571
390,2018-09-07,7.714285714285714
391,2018-09-08,7.857142857142857
392,2018-09-09,8.0
393,2018-09-10,7.714285714285714
394,2018-09-11,7.428571428571429
395,2018-09-12,7.142857142857143
396,2018-09-13,6.857142857142858
397,2018-09-14,6.571428571428571
398,2018-09-15,6.285714285714286
399,2018-09-16,6.0
400,2018-09-17,6.0
401,2018-09-18,6.0
402,2018-09-19,6.0
403,2018-09-20,6.0
404,2018-09-21,6.0
405,2018-09-22,6.0
406,2018-09-23,6.0
407,2018-09-24,5.857142857142857
408,2018-09-25,5.714285714285714
409,2018-09-26,5.571428571428571
410,2018-09-27,5.428571428571429
411,2018-09-28,5.285714285714286
412,2018-09-29,5.142857142857143
413,2018-09-30,5.0
414,2018-10-01,5.0
415,2018-10-02,5.0
416,2018-10-03,5.0
417,2018-10-04,5.0
418,2018-10-05,5.0
419,2018-10-06,5.0
420,2018-10-07,5.0
421,2018-10-08,5.0
422,2018-10-09,5.0
423,2018-10-10,5.0
424,2018-10-11,5.0
425,2018-10-12,5.0
426,2018-10-13,5.0
427,2018-10-14,5.0
428,2018-10-15,4.857142857142857
429,2018-10-16,4.714285714285714
430,2018-10-17,4.571428571428571
431,2018-10-18,4.428571428571429
432,2018-10-19,4.285714285714286
433,2018-10-20,4.142857142857143
434,2018-10-21,4.0
435,2018-10-22,4.142857142857143
436,2018-10-23,4.285714285714286
437,2018-10-24,4.428571428571429
438,2018-10-25,4.571428571428571
439,2018-10-26,4.714285714285714
440,2018-10-27,4.857142857142857
441,2018-10-28,5.0
442,2018-10-29,5.0
443,2018-10-30,5.0
444,2018-10-31,5.0
445,2018-11-01,5.0
446,2018-11-02,5.0
447,2018-11-03,5.0
448,2018-11-04,5.0
449,2018-11-05,5.0
450,2018-11-06,5.0
451,2018-11-07,5.0
452,2018-11-08,5.0
453,2018-11-09,5.0
454,2018-11-10,5.0
455,2018-11-11,5.0
456,2018-11-12,5.142857142857143
457,2018-11-13,5.285714285714286
458,2018-11-14,5.428571428571429
459,2018-11-15,5.571428571428571
460,2018-11-16,5.714285714285714
461,2018-11-17,5.857142857142857
462,2018-11-18,6.0
463,2018-11-19,6.0
464,2018-11-20,6.0
465,2018-11-21,6.0
466,2018-11-22,6.0
467,2018-11-23,6.0
468,2018-11-24,6.0
469,2018-11-25,6.0
470,2018-11-26,6.0
471,2018-11-27,6.0
472,2018-11-28,6.0
473,2018-11-29,6.0
474,2018-11-30,6.0
475,2018-12-01,6.0
476,2018-12-02,6.0
477,2018-12-03,5.857142857142857
478,2018-12-04,5.714285714285714
479,2018-12-05,5.571428571428571
480,2018-12-06,5.428571428571429
481,2018-12-07,5.285714285714286
482,2018-12-08,5.142857142857143
483,2018-12-09,5.0
484,2018-12-10,5.0
485,2018-12-11,5.0
486,2018-12-12,5.0
487,2018-12-13,5.0
488,2018-12-14,5.0
489,2018-12-15,5.0
490,2018-12-16,5.0
491,2018-12-17,5.142857142857143
492,2018-12-18,5.285714285714286
493,2018-12-19,5.428571428571429
494,2018-12-20,5.571428571428571
495,2018-12-21,5.714285714285714
496,2018-12-22,5.857142857142857
497,2018-12-23,6.0
498,2018-12-24,6.0
499,2018-12-25,6.0
500,2018-12-26,6.0
501,2018-12-27,6.0
502,2018-12-28,6.0
503,2018-12-29,6.0
504,2018-12-30,6.0
505,2018-12-31,6.0
506,2019-01-01,6.0
507,2019-01-02,6.0
508,2019-01-03,6.0
509,2019-01-04,6.0
510,2019-01-05,6.0
511,2019-01-06,6.0
512,2019-01-07,5.857142857142857
513,2019-01-08,5.714285714285714
514,2019-01-09,5.571428571428571
515,2019-01-10,5.428571428571429
516,2019-01-11,5.285714285714286
517,2019-01-12,5.142857142857143
518,2019-01-13,5.0
519,2019-01-14,4.857142857142857
520,2019-01-15,4.714285714285714
521,2019-01-16,4.571428571428571
522,2019-01-17,4.428571428571429
523,2019-01-18,4.285714285714286
524,2019-01-19,4.142857142857143
525,2019-01-20,4.0
526,2019-01-21,4.0
527,2019-01-22,4.0
528,2019-01-23,4.0
529,2019-01-24,4.0
530,2019-01-25,4.0
531,2019-01-26,4.0
532,2019-01-27,4.0
533,2019-01-28,4.0
534,2019-01-29,4.0
535,2019-01-30,4.0
536,2019-01-31,4.0
537,2019-02-01,4.0
538,2019-02-02,4.0
539,2019-02-03,4.0
540,2019-02-04,4.0
541,2019-02-05,4.0
542,2019-02-06,4.0
543,2019-02-07,4.0
544,2019-02-08,4.0
545,2019-02-09,4.0
546,2019-02-10,4.0
547,2019-02-11,4.142857142857143
548,2019-02-12,4.285714285714286
549,2019-02-13,4.428571428571429
550,2019-02-14,4.571428571428571
551,2019-02-15,4.714285714285714
552,2019-02-16,4.857142857142857
553,2019-02-17,5.0
554,2019-02-18,5.142857142857143
555,2019-02-19,5.285714285714286
556,2019-02-20,5.428571428571429
557,2019-02-21,5.571428571428571
558,2019-02-22,5.714285714285714
559,2019-02-23,5.857142857142857
560,2019-02-24,6.0
561,2019-02-25,5.714285714285714
562,2019-02-26,5.428571428571429
563,2019-02-27,5.142857142857143
564,2019-02-28,4.857142857142858
565,2019-03-01,4.571428571428571
566,2019-03-02,4.285714285714286
567,2019-03-03,4.0
568,2019-03-04,4.0
569,2019-03-05,4.0
570,2019-03-06,4.0
571,2019-03-07,4.0
572,2019-03-08,4.0
573,2019-03-09,4.0
574,2019-03-10,4.0
575,2019-03-11,4.0
576,2019-03-12,4.0
577,2019-03-13,4.0
578,2019-03-14,4.0
579,2019-03-15,4.0
580,2019-03-16,4.0
581,2019-03-17,4.0
582,2019-03-18,4.0
583,2019-03-19,4.0
584,2019-03-20,4.0
585,2019-03-21,4.0
586,2019-03-22,4.0
587,2019-03-23,4.0
588,2019-03-24,4.0
589,2019-03-25,4.142857142857143
590,2019-03-26,4.285714285714286
591,2019-03-27,4.428571428571429
592,2019-03-28,4.571428571428571
593,2019-03-29,4.714285714285714
594,2019-03-30,4.857142857142857
595,2019-03-31,5.0
596,2019-04-01,5.0
597,2019-04-02,5.0
598,2019-04-03,5.0
599,2019-04-04,5.0
600,2019-04-05,5.0
601,2019-04-06,5.0
602,2019-04-07,5.0
603,2019-04-08,4.857142857142857
604,2019-04-09,4.714285714285714
605,2019-04-10,4.571428571428571
606,2019-04-11,4.428571428571429
607,2019-04-12,4.285714285714286
608,2019-04-13,4.142857142857143
609,2019-04-14,4.0
610,2019-04-15,4.0
611,2019-04-16,4.0
612,2019-04-17,4.0
613,2019-04-18,4.0
614,2019-04-19,4.0
615,2019-04-20,4.0
616,2019-04-21,4.0
617,2019-04-22,4.0
618,2019-04-23,4.0
619,2019-04-24,4.0
620,2019-04-25,4.0
621,2019-04-26,4.0
622,2019-04-27,4.0
623,2019-04-28,4.0
624,2019-04-29,4.142857142857143
625,2019-04-30,4.285714285714286
626,2019-05-01,4.428571428571429
627,2019-05-02,4.571428571428571
628,2019-05-03,4.714285714285714
629,2019-05-04,4.857142857142857
630,2019-05-05,5.0
631,2019-05-06,5.571428571428571
632,2019-05-07,6.142857142857142
633,2019-05-08,6.714285714285714
634,2019-05-09,7.285714285714286
635,2019-05-10,7.857142857142857
636,2019-05-11,8.428571428571429
637,2019-05-12,9.0
638,2019-05-13,8.571428571428571
639,2019-05-14,8.142857142857142
640,2019-05-15,7.714285714285714
641,2019-05-16,7.285714285714286
642,2019-05-17,6.857142857142858
643,2019-05-18,6.428571428571429
644,2019-05-19,6.0
645,2019-05-20,6.0
646,2019-05-21,6.0
647,2019-05-22,6.0
648,2019-05-23,6.0
649,2019-05-24,6.0
650,2019-05-25,6.0
651,2019-05-26,6.0
652,2019-05-27,5.857142857142857
653,2019-05-28,5.714285714285714
654,2019-05-29,5.571428571428571
655,2019-05-30,5.428571428571429
656,2019-05-31,5.285714285714286
657,2019-06-01,5.142857142857143
658,2019-06-02,5.0
659,2019-06-03,5.0
660,2019-06-04,5.0
661,2019-06-05,5.0
662,2019-06-06,5.0
663,2019-06-07,5.0
664,2019-06-08,5.0
665,2019-06-09,5.0
666,2019-06-10,5.285714285714286
667,2019-06-11,5.571428571428571
668,2019-06-12,5.857142857142857
669,2019-06-13,6.142857142857142
670,2019-06-14,6.428571428571429
671,2019-06-15,6.714285714285714
672,2019-06-16,7.0
673,2019-06-17,7.285714285714286
674,2019-06-18,7.571428571428571
675,2019-06-19,7.857142857142857
676,2019-06-20,8.142857142857142
677,2019-06-21,8.428571428571429
678,2019-06-22,8.714285714285714
679,2019-06-23,9.0
680,2019-06-24,8.714285714285714
681,2019-06-25,8.428571428571429
682,2019-06-26,8.142857142857142
683,2019-06-27,7.857142857142858
684,2019-06-28,7.571428571428571
685,2019-06-29,7.285714285714286
686,2019-06-30,7.0
687,2019-07-01,7.428571428571429
688,2019-07-02,7.857142857142857
689,2019-07-03,8.285714285714285
690,2019-07-04,8.714285714285714
691,2019-07-05,9.142857142857142
692,2019-07-06,9.571428571428571
693,2019-07-07,10.0
694,2019-07-08,10.428571428571429
695,2019-07-09,10.857142857142858
696,2019-07-10,11.285714285714285
697,2019-07-11,11.714285714285714
698,2019-07-12,12.142857142857142
699,2019-07-13,12.571428571428571
700,2019-07-14,13.0
701,2019-07-15,11.714285714285714
702,2019-07-16,10.428571428571429
703,2019-07-17,9.142857142857142
704,2019-07-18,7.857142857142857
705,2019-07-19,6.571428571428571
706,2019-07-20,5.285714285714285
707,2019-07-21,4.0
708,2019-07-22,4.0
709,2019-07-23,4.0
710,2019-07-24,4.0
711,2019-07-25,4.0
712,2019-07-26,4.0
713,2019-07-27,4.0
714,2019-07-28,4.0
715,2019-07-29,4.0
716,2019-07-30,4.0
717,2019-07-31,4.0
718,2019-08-01,4.0
719,2019-08-02,4.0
720,2019-08-03,4.0
721,2019-08-04,4.0
722,2019-08-05,4.0
723,2019-08-06,4.0
724,2019-08-07,4.0
725,2019-08-08,4.0
726,2019-08-09,4.0
727,2019-08-10,4.0
728,2019-08-11,4.0
729,2019-08-12,4.0
730,2019-08-13,4.0
731,2019-08-14,4.0
732,2019-08-15,4.0
733,2019-08-16,4.0
734,2019-08-17,4.0
735,2019-08-18,4.0
736,2019-08-19,4.0
737,2019-08-20,4.0
738,2019-08-21,4.0
739,2019-08-22,4.0
740,2019-08-23,4.0
741,2019-08-24,4.0
742,2019-08-25,4.0
743,2019-08-26,4.0
744,2019-08-27,4.0
745,2019-08-28,4.0
746,2019-08-29,4.0
747,2019-08-30,4.0
748,2019-08-31,4.0
749,2019-09-01,4.0
750,2019-09-02,4.0
751,2019-09-03,4.0
752,2019-09-04,4.0
753,2019-09-05,4.0
754,2019-09-06,4.0
755,2019-09-07,4.0
756,2019-09-08,4.0
757,2019-09-09,4.285714285714286
758,2019-09-10,4.571428571428571
759,2019-09-11,4.857142857142857
760,2019-09-12,5.142857142857142
761,2019-09-13,5.428571428571429
762,2019-09-14,5.714285714285714
763,2019-09-15,6.0
764,2019-09-16,5.857142857142857
765,2019-09-17,5.714285714285714
766,2019-09-18,5.571428571428571
767,2019-09-19,5.428571428571429
768,2019-09-20,5.285714285714286
769,2019-09-21,5.142857142857143
770,2019-09-22,5.0
771,2019-09-23,4.857142857142857
772,2019-09-24,4.714285714285714
773,2019-09-25,4.571428571428571
774,2019-09-26,4.428571428571429
775,2019-09-27,4.285714285714286
776,2019-09-28,4.142857142857143
777,2019-09-29,4.0
778,2019-09-30,4.0
779,2019-10-01,4.0
780,2019-10-02,4.0
781,2019-10-03,4.0
782,2019-10-04,4.0
783,2019-10-05,4.0
784,2019-10-06,4.0
785,2019-10-07,3.857142857142857
786,2019-10-08,3.7142857142857144
787,2019-10-09,3.5714285714285716
788,2019-10-10,3.428571428571429
789,2019-10-11,3.2857142857142856
790,2019-10-12,3.142857142857143
791,2019-10-13,3.0
792,2019-10-14,3.142857142857143
793,2019-10-15,3.2857142857142856
794,2019-10-16,3.4285714285714284
795,2019-10-17,3.571428571428571
796,2019-10-18,3.7142857142857144
797,2019-10-19,3.857142857142857
798,2019-10-20,4.0
799,2019-10-21,4.0
800,2019-10-22,4.0
801,2019-10-23,4.0
802,2019-10-24,4.0
803,2019-10-25,4.0
804,2019-10-26,4.0
805,2019-10-27,4.0
806,2019-10-28,4.0
807,2019-10-29,4.0
808,2019-10-30,4.0
809,2019-10-31,4.0
810,2019-11-01,4.0
811,2019-11-02,4.0
812,2019-11-03,4.0
813,2019-11-04,3.857142857142857
814,2019-11-05,3.7142857142857144
815,2019-11-06,3.5714285714285716
816,2019-11-07,3.428571428571429
817,2019-11-08,3.2857142857142856
818,2019-11-09,3.142857142857143
819,2019-11-10,3.0
820,2019-11-11,3.142857142857143
821,2019-11-12,3.2857142857142856
822,2019-11-13,3.4285714285714284
823,2019-11-14,3.571428571428571
824,2019-11-15,3.7142857142857144
825,2019-11-16,3.857142857142857
826,2019-11-17,4.0
827,2019-11-18,4.0
828,2019-11-19,4.0
829,2019-11-20,4.0
830,2019-11-21,4.0
831,2019-11-22,4.0
832,2019-11-23,4.0
833,2019-11-24,4.0
834,2019-11-25,4.0
835,2019-11-26,4.0
836,2019-11-27,4.0
837,2019-11-28,4.0
838,2019-11-29,4.0
839,2019-11-30,4.0
840,2019-12-01,4.0
841,2019-12-02,3.857142857142857
842,2019-12-03,3.7142857142857144
843,2019-12-04,3.5714285714285716
844,2019-12-05,3.428571428571429
845,2019-12-06,3.2857142857142856
846,2019-12-07,3.142857142857143
847,2019-12-08,3.0
848,2019-12-09,3.142857142857143
849,2019-12-10,3.2857142857142856
850,2019-12-11,3.4285714285714284
851,2019-12-12,3.571428571428571
852,2019-12-13,3.7142857142857144
853,2019-12-14,3.857142857142857
854,2019-12-15,4.0
855,2019-12-16,3.857142857142857
856,2019-12-17,3.7142857142857144
857,2019-12-18,3.5714285714285716
858,2019-12-19,3.428571428571429
859,2019-12-20,3.2857142857142856
860,2019-12-21,3.142857142857143
861,2019-12-22,3.0
862,2019-12-23,3.142857142857143
863,2019-12-24,3.2857142857142856
864,2019-12-25,3.4285714285714284
865,2019-12-26,3.571428571428571
866,2019-12-27,3.7142857142857144
867,2019-12-28,3.857142857142857
868,2019-12-29,4.0
869,2019-12-30,4.0
870,2019-12-31,4.0
871,2020-01-01,4.0
872,2020-01-02,4.0
873,2020-01-03,4.0
874,2020-01-04,4.0
875,2020-01-05,4.0
876,2020-01-06,4.142857142857143
877,2020-01-07,4.285714285714286
878,2020-01-08,4.428571428571429
879,2020-01-09,4.571428571428571
880,2020-01-10,4.714285714285714
881,2020-01-11,4.857142857142857
882,2020-01-12,5.0
883,2020-01-13,4.857142857142857
884,2020-01-14,4.714285714285714
885,2020-01-15,4.571428571428571
886,2020-01-16,4.428571428571429
887,2020-01-17,4.285714285714286
888,2020-01-18,4.142857142857143
889,2020-01-19,4.0
890,2020-01-20,4.142857142857143
891,2020-01-21,4.285714285714286
892,2020-01-22,4.428571428571429
893,2020-01-23,4.571428571428571
894,2020-01-24,4.714285714285714
895,2020-01-25,4.857142857142857
896,2020-01-26,5.0
897,2020-01-27,5.142857142857143
898,2020-01-28,5.285714285714286
899,2020-01-29,5.428571428571429
900,2020-01-30,5.571428571428571
901,2020-01-31,5.714285714285714
902,2020-02-01,5.857142857142857
903,2020-02-02,6.0
904,2020-02-03,6.428571428571429
905,2020-02-04,6.857142857142857
906,2020-02-05,7.285714285714286
907,2020-02-06,7.714285714285714
908,2020-02-07,8.142857142857142
909,2020-02-08,8.571428571428571
910,2020-02-09,9.0
911,2020-02-10,8.714285714285714
912,2020-02-11,8.428571428571429
913,2020-02-12,8.142857142857142
914,2020-02-13,7.857142857142858
915,2020-02-14,7.571428571428571
916,2020-02-15,7.285714285714286
917,2020-02-16,7.0
918,2020-02-17,6.857142857142857
919,2020-02-18,6.714285714285714
920,2020-02-19,6.571428571428571
921,2020-02-20,6.428571428571429
922,2020-02-21,6.285714285714286
923,2020-02-22,6.142857142857143
924,2020-02-23,6.0
925,2020-02-24,5.857142857142857
926,2020-02-25,5.714285714285714
927,2020-02-26,5.571428571428571
928,2020-02-27,5.428571428571429
929,2020-02-28,5.285714285714286
930,2020-02-29,5.142857142857143
931,2020-03-01,5.0
932,2020-03-02,5.285714285714286
933,2020-03-03,5.571428571428571
934,2020-03-04,5.857142857142857
935,2020-03-05,6.142857142857142
936,2020-03-06,6.428571428571429
937,2020-03-07,6.714285714285714
938,2020-03-08,7.0
939,2020-03-09,6.857142857142857
940,2020-03-10,6.714285714285714
941,2020-03-11,6.571428571428571
942,2020-03-12,6.428571428571429
943,2020-03-13,6.285714285714286
944,2020-03-14,6.142857142857143
945,2020-03-15,6.0
946,2020-03-16,5.857142857142857
947,2020-03-17,5.714285714285714
948,2020-03-18,5.571428571428571
949,2020-03-19,5.428571428571429
950,2020-03-20,5.285714285714286
951,2020-03-21,5.142857142857143
952,2020-03-22,5.0
953,2020-03-23,5.0
954,2020-03-24,5.0
955,2020-03-25,5.0
956,2020-03-26,5.0
957,2020-03-27,5.0
958,2020-03-28,5.0
959,2020-03-29,5.0
960,2020-03-30,5.142857142857143
961,2020-03-31,5.285714285714286
962,2020-04-01,5.428571428571429
963,2020-04-02,5.571428571428571
964,2020-04-03,5.714285714285714
965,2020-04-04,5.857142857142857
966,2020-04-05,6.0
967,2020-04-06,6.0
968,2020-04-07,6.0
969,2020-04-08,6.0
970,2020-04-09,6.0
971,2020-04-10,6.0
972,2020-04-11,6.0
973,2020-04-12,6.0
974,2020-04-13,6.0
975,2020-04-14,6.0
976,2020-04-15,6.0
977,2020-04-16,6.0
978,2020-04-17,6.0
979,2020-04-18,6.0
980,2020-04-19,6.0
981,2020-04-20,6.285714285714286
982,2020-04-21,6.571428571428571
983,2020-04-22,6.857142857142857
984,2020-04-23,7.142857142857142
985,2020-04-24,7.428571428571429
986,2020-04-25,7.714285714285714
987,2020-04-26,8.0
988,2020-04-27,7.857142857142857
989,2020-04-28,7.714285714285714
990,2020-04-29,7.571428571428571
991,2020-04-30,7.428571428571429
992,2020-05-01,7.285714285714286
993,2020-05-02,7.142857142857143
994,2020-05-03,7.0
995,2020-05-04,7.142857142857143
996,2020-05-05,7.285714285714286
997,2020-05-06,7.428571428571429
998,2020-05-07,7.571428571428571
999,2020-05-08,7.714285714285714
1000,2020-05-09,7.857142857142857
1001,2020-05-10,8.0
1002,2020-05-11,7.857142857142857
1003,2020-05-12,7.714285714285714
1004,2020-05-13,7.571428571428571
1005,2020-05-14,7.428571428571429
1006,2020-05-15,7.285714285714286
1007,2020-05-16,7.142857142857143
1008,2020-05-17,7.0
1009,2020-05-18,7.0
1010,2020-05-19,7.0
1011,2020-05-20,7.0
1012,2020-05-21,7.0
1013,2020-05-22,7.0
1014,2020-05-23,7.0
1015,2020-05-24,7.0
1016,2020-05-25,7.142857142857143
1017,2020-05-26,7.285714285714286
1018,2020-05-27,7.428571428571429
1019,2020-05-28,7.571428571428571
1020,2020-05-29,7.714285714285714
1021,2020-05-30,7.857142857142857
1022,2020-05-31,8.0
1023,2020-06-01,7.857142857142857
1024,2020-06-02,7.714285714285714
1025,2020-06-03,7.571428571428571
1026,2020-06-04,7.428571428571429
1027,2020-06-05,7.285714285714286
1028,2020-06-06,7.142857142857143
1029,2020-06-07,7.0
1030,2020-06-08,6.857142857142857
1031,2020-06-09,6.714285714285714
1032,2020-06-10,6.571428571428571
1033,2020-06-11,6.428571428571429
1034,2020-06-12,6.285714285714286
1035,2020-06-13,6.142857142857143
1036,2020-06-14,6.0
1037,2020-06-15,6.142857142857143
1038,2020-06-16,6.285714285714286
1039,2020-06-17,6.428571428571429
1040,2020-06-18,6.571428571428571
1041,2020-06-19,6.714285714285714
1042,2020-06-20,6.857142857142857
1043,2020-06-21,7.0
1044,2020-06-22,7.0
1045,2020-06-23,7.0
1046,2020-06-24,7.0
1047,2020-06-25,7.0
1048,2020-06-26,7.0
1049,2020-06-27,7.0
1050,2020-06-28,7.0
1051,2020-06-29,7.0
1052,2020-06-30,7.0
1053,2020-07-01,7.0
1054,2020-07-02,7.0
1055,2020-07-03,7.0
1056,2020-07-04,7.0
1057,2020-07-05,7.0
1058,2020-07-06,7.0
1059,2020-07-07,7.0
1060,2020-07-08,7.0
1061,2020-07-09,7.0
1062,2020-07-10,7.0
1063,2020-07-11,7.0
1064,2020-07-12,7.0
1065,2020-07-13,7.428571428571429
1066,2020-07-14,7.857142857142857
1067,2020-07-15,8.285714285714285
1068,2020-07-16,8.714285714285714
1069,2020-07-17,9.142857142857142
1070,2020-07-18,9.571428571428571
1071,2020-07-19,10.0
1072,2020-07-20,11.0
1073,2020-07-21,12.0
1074,2020-07-22,13.0
1075,2020-07-23,14.0
1076,2020-07-24,15.0
1077,2020-07-25,16.0
1078,2020-07-26,17.0
1079,2020-07-27,17.0
1080,2020-07-28,17.0
1081,2020-07-29,17.0
1082,2020-07-30,17.0
1083,2020-07-31,17.0
1084,2020-08-01,17.0
1085,2020-08-02,17.0
1086,2020-08-03,16.571428571428573
1087,2020-08-04,16.142857142857142
1088,2020-08-05,15.714285714285715
1089,2020-08-06,15.285714285714286
1090,2020-08-07,14.857142857142858
1091,2020-08-08,14.428571428571429
1092,2020-08-09,14.0
1093,2020-08-10,13.857142857142858
1094,2020-08-11,13.714285714285714
1095,2020-08-12,13.571428571428571
1096,2020-08-13,13.428571428571429
1097,2020-08-14,13.285714285714286
1098,2020-08-15,13.142857142857142
1099,2020-08-16,13.0
1100,2020-08-17,12.428571428571429
1101,2020-08-18,11.857142857142858
1102,2020-08-19,11.285714285714286
1103,2020-08-20,10.714285714285715
1104,2020-08-21,10.142857142857142
1105,2020-08-22,9.571428571428571
1106,2020-08-23,9.0
1107,2020-08-24,9.714285714285714
1108,2020-08-25,10.428571428571429
1109,2020-08-26,11.142857142857142
1110,2020-08-27,11.857142857142858
1111,2020-08-28,12.571428571428571
1112,2020-08-29,13.285714285714285
1113,2020-08-30,14.0
1114,2020-08-31,13.428571428571429
1115,2020-09-01,12.857142857142858
1116,2020-09-02,12.285714285714286
1117,2020-09-03,11.714285714285715
1118,2020-09-04,11.142857142857142
1119,2020-09-05,10.571428571428571
1120,2020-09-06,10.0
1121,2020-09-07,9.857142857142858
1122,2020-09-08,9.714285714285714
1123,2020-09-09,9.571428571428571
1124,2020-09-10,9.428571428571429
1125,2020-09-11,9.285714285714286
1126,2020-09-12,9.142857142857142
1127,2020-09-13,9.0
1128,2020-09-14,8.857142857142858
1129,2020-09-15,8.714285714285714
1130,2020-09-16,8.571428571428571
1131,2020-09-17,8.428571428571429
1132,2020-09-18,8.285714285714286
1133,2020-09-19,8.142857142857142
1134,2020-09-20,8.0
1135,2020-09-21,7.857142857142857
1136,2020-09-22,7.714285714285714
1137,2020-09-23,7.571428571428571
1138,2020-09-24,7.428571428571429
1139,2020-09-25,7.285714285714286
1140,2020-09-26,7.142857142857143
1141,2020-09-27,7.0
1142,2020-09-28,6.857142857142857
1143,2020-09-29,6.714285714285714
1144,2020-09-30,6.571428571428571
1145,2020-10-01,6.428571428571429
1146,2020-10-02,6.285714285714286
1147,2020-10-03,6.142857142857143
1148,2020-10-04,6.0
1149,2020-10-05,6.0
1150,2020-10-06,6.0
1151,2020-10-07,6.0
1152,2020-10-08,6.0
1153,2020-10-09,6.0
1154,2020-10-10,6.0
1155,2020-10-11,6.0
1156,2020-10-12,6.142857142857143
1157,2020-10-13,6.285714285714286
1158,2020-10-14,6.428571428571429
1159,2020-10-15,6.571428571428571
1160,2020-10-16,6.714285714285714
1161,2020-10-17,6.857142857142857
1162,2020-10-18,7.0
1163,2020-10-19,7.0
1164,2020-10-20,7.0
1165,2020-10-21,7.0
1166,2020-10-22,7.0
1167,2020-10-23,7.0
1168,2020-10-24,7.0
1169,2020-10-25,7.0
1170,2020-10-26,7.142857142857143
1171,2020-10-27,7.285714285714286
1172,2020-10-28,7.428571428571429
1173,2020-10-29,7.571428571428571
1174,2020-10-30,7.714285714285714
1175,2020-10-31,7.857142857142857
1176,2020-11-01,8.0
1177,2020-11-02,8.285714285714286
1178,2020-11-03,8.571428571428571
1179,2020-11-04,8.857142857142858
1180,2020-11-05,9.142857142857142
1181,2020-11-06,9.428571428571429
1182,2020-11-07,9.714285714285714
1183,2020-11-08,10.0
1184,2020-11-09,10.285714285714286
1185,2020-11-10,10.571428571428571
1186,2020-11-11,10.857142857142858
1187,2020-11-12,11.142857142857142
1188,2020-11-13,11.428571428571429
1189,2020-11-14,11.714285714285714
1190,2020-11-15,12.0
1191,2020-11-16,13.0
1192,2020-11-17,14.0
1193,2020-11-18,15.0
1194,2020-11-19,16.0
1195,2020-11-20,17.0
1196,2020-11-21,18.0
1197,2020-11-22,19.0
1198,2020-11-23,18.428571428571427
1199,2020-11-24,17.857142857142858
1200,2020-11-25,17.285714285714285
1201,2020-11-26,16.714285714285715
1202,2020-11-27,16.142857142857142
1203,2020-11-28,15.571428571428571
1204,2020-11-29,15.0
1205,2020-11-30,14.285714285714286
1206,2020-12-01,13.571428571428571
1207,2020-12-02,12.857142857142858
1208,2020-12-03,12.142857142857142
1209,2020-12-04,11.428571428571429
1210,2020-12-05,10.714285714285715
1211,2020-12-06,10.0
1212,2020-12-07,10.714285714285714
1213,2020-12-08,11.428571428571429
1214,2020-12-09,12.142857142857142
1215,2020-12-10,12.857142857142858
1216,2020-12-11,13.571428571428571
1217,2020-12-12,14.285714285714285
1218,2020-12-13,15.0
1219,2020-12-14,15.0
1220,2020-12-15,15.0
1221,2020-12-16,15.0
1222,2020-12-17,15.0
1223,2020-12-18,15.0
1224,2020-12-19,15.0
1225,2020-12-20,15.0
1226,2020-12-21,16.428571428571427
1227,2020-12-22,17.857142857142858
1228,2020-12-23,19.285714285714285
1229,2020-12-24,20.714285714285715
1230,2020-12-25,22.142857142857142
1231,2020-12-26,23.57142857142857
1232,2020-12-27,25.0
1233,2020-12-28,30.142857142857142
1234,2020-12-29,35.285714285714285
1235,2020-12-30,40.42857142857143
1236,2020-12-31,45.57142857142857
1237,2021-01-01,50.714285714285715
1238,2021-01-02,55.85714285714286
1239,2021-01-03,61.0
1240,2021-01-04,58.714285714285715
1241,2021-01-05,56.42857142857143
1242,2021-01-06,54.142857142857146
1243,2021-01-07,51.85714285714286
1244,2021-01-08,49.57142857142857
1245,2021-01-09,47.285714285714285
1246,2021-01-10,45.0
1247,2021-01-11,44.285714285714285
1248,2021-01-12,43.57142857142857
1249,2021-01-13,42.857142857142854
1250,2021-01-14,42.142857142857146
1251,2021-01-15,41.42857142857143
1252,2021-01-16,40.714285714285715
1253,2021-01-17,40.0
1254,2021-01-18,40.0
1255,2021-01-19,40.0
1256,2021-01-20,40.0
1257,2021-01-21,40.0
1258,2021-01-22,40.0
1259,2021-01-23,40.0
1260,2021-01-24,40.0
1261,2021-01-25,41.714285714285715
1262,2021-01-26,43.42857142857143
1263,2021-01-27,45.14285714285714
1264,2021-01-28,46.857142857142854
1265,2021-01-29,48.57142857142857
1266,2021-01-30,50.285714285714285
1267,2021-01-31,52.0
1268,2021-02-01,52.42857142857143
1269,2021-02-02,52.857142857142854
1270,2021-02-03,53.285714285714285
1271,2021-02-04,53.714285714285715
1272,2021-02-05,54.142857142857146
1273,2021-02-06,54.57142857142857
1274,2021-02-07,55.0
1275,2021-02-08,54.714285714285715
1276,2021-02-09,54.42857142857143
1277,2021-02-10,54.142857142857146
1278,2021-02-11,53.857142857142854
1279,2021-02-12,53.57142857142857
1280,2021-02-13,53.285714285714285
1281,2021-02-14,53.0
1282,2021-02-15,52.857142857142854
1283,2021-02-16,52.714285714285715
1284,2021-02-17,52.57142857142857
1285,2021-02-18,52.42857142857143
1286,2021-02-19,52.285714285714285
1287,2021-02-20,52.142857142857146
1288,2021-02-21,52.0
1289,2021-02-22,50.0
1290,2021-02-23,48.0
1291,2021-02-24,46.0
1292,2021-02-25,44.0
1293,2021-02-26,42.0
1294,2021-02-27,40.0
1295,2021-02-28,38.0
1296,2021-03-01,38.142857142857146
1297,2021-03-02,38.285714285714285
1298,2021-03-03,38.42857142857143
1299,2021-03-04,38.57142857142857
1300,2021-03-05,38.714285714285715
1301,2021-03-06,38.857142857142854
1302,2021-03-07,39.0
1303,2021-03-08,38.285714285714285
1304,2021-03-09,37.57142857142857
1305,2021-03-10,36.857142857142854
1306,2021-03-11,36.142857142857146
1307,2021-03-12,35.42857142857143
1308,2021-03-13,34.714285714285715
1309,2021-03-14,34.0
1310,2021-03-15,33.57142857142857
1311,2021-03-16,33.142857142857146
1312,2021-03-17,32.714285714285715
1313,2021-03-18,32.285714285714285
1314,2021-03-19,31.857142857142858
1315,2021-03-20,31.42857142857143
1316,2021-03-21,31.0
1317,2021-03-22,32.142857142857146
1318,2021-03-23,33.285714285714285
1319,2021-03-24,34.42857142857143
1320,2021-03-25,35.57142857142857
1321,2021-03-26,36.714285714285715
1322,2021-03-27,37.857142857142854
1323,2021-03-28,39.0
1324,2021-03-29,38.857142857142854
1325,2021-03-30,38.714285714285715
1326,2021-03-31,38.57142857142857
1327,2021-04-01,38.42857142857143
1328,2021-04-02,38.285714285714285
1329,2021-04-03,38.142857142857146
1330,2021-04-04,38.0
1331,2021-04-05,39.57142857142857
1332,2021-04-06,41.142857142857146
1333,2021-04-07,42.714285714285715
1334,2021-04-08,44.285714285714285
1335,2021-04-09,45.857142857142854
1336,2021-04-10,47.42857142857143
1337,2021-04-11,49.0
1338,2021-04-12,49.285714285714285
1339,2021-04-13,49.57142857142857
1340,2021-04-14,49.857142857142854
1341,2021-04-15,50.142857142857146
1342,2021-04-16,50.42857142857143
1343,2021-04-17,50.714285714285715
1344,2021-04-18,51.0
1345,2021-04-19,50.857142857142854
1346,2021-04-20,50.714285714285715
1347,2021-04-21,50.57142857142857
1348,2021-04-22,50.42857142857143
1349,2021-04-23,50.285714285714285
1350,2021-04-24,50.142857142857146
1351,2021-04-25,50.0
1352,2021-04-26,56.285714285714285
1353,2021-04-27,62.57142857142857
1354,2021-04-28,68.85714285714286
1355,2021-04-29,75.14285714285714
1356,2021-04-30,81.42857142857143
1357,2021-05-01,87.71428571428572
1358,2021-05-02,94.0
1359,2021-05-03,94.85714285714286
1360,2021-05-04,95.71428571428571
1361,2021-05-05,96.57142857142857
1362,2021-05-06,97.42857142857143
1363,2021-05-07,98.28571428571429
1364,2021-05-08,99.14285714285714
1365,2021-05-09,100.0
1366,2021-05-10,97.0
1367,2021-05-11,94.0
